row_id,source,report_date,status_id,water_source,water_tech,install_year,installer,fecal_coliform_value,fecal_coliform_presence,activity_id,clean_country_id,clean_country_name,clean_adm1,water_source_clean,water_source_category,water_tech_clean,_facility_type,management_clean,status_clean,count,updated,pay_clean,subjective_quality_clean,dataset_title
9063,Water For People,2020-02-19T00:00:00.000,Yes,,Protected deep borehole,,,,Present,,UGA,Uganda,Eastern,Borehole/Tubewell,Well,,Improved,,Functional,1,2022-02-18T05:36:33.000,,,Water For People_Global_2017-2020
9223,Water For People,2005-09-07T00:00:00.000,No,,Protected Spring,,,,,,UGA,Uganda,Western,Protected Well,Well,,Improved,,Non-Functional,1,2022-02-18T05:36:33.000,,,Water For People_Global_2017-2020
9376,Water For People,2020-02-20T00:00:00.000,No,,Protected Shallow Well,,,,,,UGA,Uganda,Eastern,Undefined Well,Well,,Unknown,,Non-Functional,1,2022-02-18T05:36:33.000,,,Water For People_Global_2017-2020
13241,Water For People,2019-03-15T00:00:00.000,Yes,,Protected Shallow Well,,,,,,UGA,Uganda,Western,Undefined Well,Well,,Unknown,,Functional,1,2022-02-18T05:36:33.000,,,Water For People_Global_2017-2020
15068,Water For People,2019-03-19T00:00:00.000,Yes,,Protected Shallow Well,,,,,,UGA,Uganda,Western,Undefined Well,Well,,Unknown,,Functional,1,2022-02-18T05:36:33.000,,,Water For People_Global_2017-2020
19412,Water For People,2005-09-07T00:00:00.000,Yes,,Protected Shallow Well,,,,,,UGA,Uganda,Western,Undefined Well,Well,,Unknown,,Functional,1,2022-02-18T05:36:33.000,,,Water For People_Global_2017-2020
31145,Water For People,2019-03-21T00:00:00.000,No,,Protected deep borehole,,,,,,UGA,Uganda,Western,Borehole/Tubewell,Well,,Improved,,Non-Functional,1,2022-02-18T05:36:33.000,,,Water For People_Global_2017-2020
32000,Water For People,2020-02-20T00:00:00.000,Yes,,Protected Shallow Well,,,,,,UGA,Uganda,Eastern,Undefined Well,Well,,Unknown,,Functional,1,2022-02-18T05:36:33.000,,,Water For People_Global_2017-2020
39965,Water Mission,2013-12-12T00:00:00.000,Unknown,,Electrical pump,2012,Water Mission,,,00.015.83,HND,Honduras,Colón,,,Motorized Pump - Electric,Unknown,Community Management,Non-Functional,1,2020-07-31T01:54:53.000,,,Water Mission_Global_2006-2012
41933,Water Mission,2013-12-18T00:00:00.000,Unknown,,Electrical pump,2008,Water Mission,,,00.008.92,GTM,Guatemala,Quiché,,,Motorized Pump - Electric,Unknown,Community Management,Non-Functional,1,2020-07-31T01:54:53.000,,,Water Mission_Global_2006-2012
41961,Water Mission,2013-12-18T00:00:00.000,Unknown,,Electrical pump,2006,Water Mission,,,00.006.48,HND,Honduras,Colón,,,Motorized Pump - Electric,Unknown,Community Management,Non-Functional,1,2020-07-31T01:54:53.000,,,Water Mission_Global_2006-2012
41989,Water Mission,2013-12-18T00:00:00.000,Unknown,,Electrical pump,2007,Water Mission,,,00.006.49,HND,Honduras,Colón,,,Motorized Pump - Electric,Unknown,Community Management,Non-Functional,1,2020-07-31T01:54:53.000,,,Water Mission_Global_2006-2012
42936,Water Mission,2013-12-18T00:00:00.000,Unknown,,Electrical pump,2009,Water Mission,,,00.007.28,HND,Honduras,Colón,,,Motorized Pump - Electric,Unknown,Community Management,Non-Functional,1,2020-07-31T01:54:53.000,,,Water Mission_Global_2006-2012
43110,Water Mission,2013-12-18T00:00:00.000,Unknown,,Electrical pump,2010,Water Mission,,,00.007.40,HND,Honduras,Colón,,,Motorized Pump - Electric,Unknown,Community Management,Non-Functional,1,2020-07-31T01:54:53.000,,,Water Mission_Global_2006-2012
43131,Water Mission,2013-12-18T00:00:00.000,Unknown,,Electrical pump,2012,Water Mission,,,00.013.06,HND,Honduras,Colón,,,Motorized Pump - Electric,Unknown,Community Management,Non-Functional,1,2020-07-31T01:54:53.000,,,Water Mission_Global_2006-2012
43138,Water Mission,2013-12-18T00:00:00.000,Unknown,,Electrical pump,2012,Water Mission,,,00.013.51,HND,Honduras,Colón,,,Motorized Pump - Electric,Unknown,Community Management,Non-Functional,1,2020-07-31T01:54:53.000,,,Water Mission_Global_2006-2012
43236,Water Mission,2014-01-14T00:00:00.000,Unknown,,Electrical pump,2013,Water Mission,,,00.019.49,KEN,Kenya,Homa Bay,,,Motorized Pump - Electric,Unknown,Community Management,Non-Functional,1,2020-07-31T01:54:53.000,,,Water Mission_Global_2006-2012
43368,Water Mission,2014-02-25T00:00:00.000,Unknown,,Electrical pump,2013,Water Mission,,,00.015.84,HND,Honduras,Colón,,,Motorized Pump - Electric,Unknown,Community Management,Non-Functional,1,2020-07-31T01:54:53.000,,,Water Mission_Global_2006-2012
43445,Water Mission,2014-06-03T00:00:00.000,Unknown,,Electrical pump,2010,Water Mission,,,00.009.43,HND,Honduras,Colón,,,Motorized Pump - Electric,Unknown,Community Management,Non-Functional,1,2020-07-31T01:54:53.000,,,Water Mission_Global_2006-2012
44616,Water Mission,2014-07-03T00:00:00.000,Unknown,,Electrical pump,2012,Water Mission,,,00.011.86,HND,Honduras,Colón,,,Motorized Pump - Electric,Unknown,Community Management,Non-Functional,1,2020-07-31T01:54:53.000,,,Water Mission_Global_2006-2012
44671,Water Mission,2014-02-04T00:00:00.000,Unknown,,Electrical pump,2008,Water Mission,,,00.000.71,UGA,Uganda,Central,,,Motorized Pump - Electric,Unknown,Community Management,Non-Functional,1,2020-07-31T01:54:53.000,,,Water Mission_Global_2006-2012
44692,Water Mission,2014-08-04T00:00:00.000,Unknown,,Electrical pump,2011,Water Mission,,,00.005.65,UGA,Uganda,Eastern,,,Motorized Pump - Electric,Unknown,Community Management,Non-Functional,1,2020-07-31T01:54:53.000,,,Water Mission_Global_2006-2012
44741,Water Mission,2014-02-07T00:00:00.000,Unknown,,Electrical pump,2009,Water Mission,,,00.017.12,MEX,México,Chiapas,,,Motorized Pump - Electric,Unknown,Community Management,Non-Functional,1,2020-07-31T01:54:53.000,,,Water Mission_Global_2006-2012
44832,Water Mission,2014-03-07T00:00:00.000,Unknown,,Electrical pump,2008,Water Mission,,,00.012.43,MEX,México,Chiapas,,,Motorized Pump - Electric,Unknown,Community Management,Non-Functional,1,2020-07-31T01:54:53.000,,,Water Mission_Global_2006-2012
44900,Water Mission,2014-09-18T00:00:00.000,Unknown,,Electrical pump,2013,Water Mission,,,00.019.00,MEX,México,Chiapas,,,Motorized Pump - Electric,Unknown,Community Management,Non-Functional,1,2020-07-31T01:54:53.000,,,Water Mission_Global_2006-2012
45169,Water Mission,2014-11-30T00:00:00.000,Unknown,,Electrical pump,2013,Water Mission,,,00.018.99,MEX,México,Chiapas,,,Motorized Pump - Electric,Unknown,Community Management,Non-Functional,1,2020-07-31T01:54:53.000,,,Water Mission_Global_2006-2012
98512,The Water Trust Uganda,2015-05-02T00:00:00.000,Yes,,Protected dug well,,,,,,UGA,Uganda,Western,Undefined Well,Well,,Unknown,,Functional,1,2020-07-29T19:21:47.000,,,WPDx Reingestion_Global
127162,"Ministry of Water and Environment, Uganda",2011-09-02T00:00:00.000,No,Shallow well,,2010,,,,020-00185,UGA,Uganda,Western,Undefined Well,Well,,Unknown,Community Management,Non-Functional,1,2020-01-01T00:00:00.000,,,Ministry of Water and Environment_Uganda_2009
128615,"Ministry of Water and Environment, Uganda",2010-09-22T00:00:00.000,No,Protected spring,,1994,,,,029-00442,UGA,Uganda,Central,Protected Well,Well,,Improved,Community Management,Non-Functional,1,2020-01-01T00:00:00.000,,,Ministry of Water and Environment_Uganda_2009
129440,"Ministry of Water and Environment, Uganda",2010-05-08T00:00:00.000,No,Protected spring,,2006,,,,031-00625,UGA,Uganda,Western,Protected Well,Well,,Improved,Community Management,Non-Functional,1,2020-01-01T00:00:00.000,,,Ministry of Water and Environment_Uganda_2009
180270,"Ministry of Water and Environment, Uganda",2010-10-07T00:00:00.000,Yes,Protected spring,,,,,,047-00808,UGA,Uganda,Western,Protected Well,Well,,Improved,Community Management,"Functional, needs repair",1,2020-01-01T00:00:00.000,,,Ministry of Water and Environment_Uganda_2009
239148,Water For People,2021-02-25T00:00:00.000,Yes,,Protected shallow well,,,,Absent,44250.48627,UGA,Uganda,Eastern,Undefined Well,Well,,Unknown,,Functional,1,2022-03-02T16:25:24.000,,,Water For People_Uganda_2021
239286,Water For People,2021-04-30T00:00:00.000,Yes,,Protected Spring,,,,Present,44314.74756,UGA,Uganda,Western,Protected Well,Well,,Improved,,Functional,1,2022-03-02T16:25:24.000,,,Water For People_Uganda_2021
360059,"Ministry of Water and Environment, Uganda",2010-05-03T00:00:00.000,No,Deep borehole,,1989,,,,102-00184,UGA,Uganda,Western,Borehole/Tubewell,Well,Hand Pump - Afridev,Improved,Community Management,Non-Functional,1,2020-01-01T00:00:00.000,,,Ministry of Water and Environment_Uganda_2009
360114,"Ministry of Water and Environment, Uganda",2010-05-04T00:00:00.000,Yes,Protected spring,,1995,,,,102-00199,UGA,Uganda,Western,Protected Well,Well,,Improved,Community Management,"Functional, needs repair",1,2020-01-01T00:00:00.000,,,Ministry of Water and Environment_Uganda_2009
360371,"Ministry of Water and Environment, Uganda",2010-04-28T00:00:00.000,No,Protected spring,,1994,,,,102-00234,UGA,Uganda,Western,Protected Well,Well,,Improved,Community Management,Non-Functional,1,2020-01-01T00:00:00.000,,,Ministry of Water and Environment_Uganda_2009
360684,"Ministry of Water and Environment, Uganda",2010-04-28T00:00:00.000,Yes,Public Stand Post,,,,,,102-00300,UGA,Uganda,Western,,,Public Tapstand,Improved,Private Operator/Delegated Management,"Functional, needs repair",1,2020-01-01T00:00:00.000,,,Ministry of Water and Environment_Uganda_2009
360780,"Ministry of Water and Environment, Uganda",2010-04-28T00:00:00.000,No,Shallow well,,2006,,,,102-00323,UGA,Uganda,Western,Undefined Well,Well,,Unknown,Community Management,Non-Functional,1,2020-01-01T00:00:00.000,,,Ministry of Water and Environment_Uganda_2009
361002,"Ministry of Water and Environment, Uganda",2010-04-28T00:00:00.000,Yes,Shallow well,,2004,,,,102-00366,UGA,Uganda,Western,Undefined Well,Well,,Unknown,Community Management,"Functional, needs repair",1,2020-01-01T00:00:00.000,Fees collected – basis unknown,,Ministry of Water and Environment_Uganda_2009
361140,"Ministry of Water and Environment, Uganda",2010-04-28T00:00:00.000,Yes,Protected spring,,1993,,,,102-00397,UGA,Uganda,Western,Protected Well,Well,,Improved,Community Management,"Functional, needs repair",1,2020-01-01T00:00:00.000,,,Ministry of Water and Environment_Uganda_2009
439955,World Vision,2013-03-13T00:00:00.000,Yes,Non-Mechanized Borehole,,2011,World Vision,,,{23241D97-DDE8-4138-AD79-401FE7585EB0},UGA,Uganda,Northern,Borehole/Tubewell,Well,Motorized Pump,Improved,,Non-Functional,1,2020-10-01T21:10:17.000,,,World Vision_Africa Boreholes_2011-2015
440942,World Vision,2013-03-13T00:00:00.000,Yes,Non-Mechanized Borehole,None,2011,World Vision,,,{1BDE0DEB-E1E0-43D2-82FE-7E9C13F95933},UGA,Uganda,Central,Borehole/Tubewell,Well,Motorized Pump,Improved,,Non-Functional,1,2020-10-01T21:10:17.000,,,World Vision_Africa Boreholes_2011-2015
440996,World Vision,2013-03-13T00:00:00.000,Yes,Non-Mechanized Borehole,None,2011,World Vision,,,{44012D47-1E82-4BEF-84E8-B36D40ACFD81},UGA,Uganda,Central,Borehole/Tubewell,Well,Motorized Pump,Improved,,Non-Functional,1,2020-10-01T21:10:17.000,,,World Vision_Africa Boreholes_2011-2015
441499,World Vision,2013-04-04T00:00:00.000,No,Non-Mechanized Borehole,None,2011,World Vision,,,{177E70F8-36CC-401C-B2B2-5281103F9582},UGA,Uganda,Northern,Borehole/Tubewell,Well,Motorized Pump,Improved,,Non-Functional,1,2020-10-01T21:10:17.000,,,World Vision_Africa Boreholes_2011-2015
442628,World Vision,2013-06-03T00:00:00.000,Yes,Non-Mechanized Borehole,,2012,World Vision,,,{2109FD97-9DF3-4023-8330-9BF257746309},UGA,Uganda,Northern,Borehole/Tubewell,Well,Motorized Pump,Improved,,Non-Functional,1,2020-10-01T21:10:17.000,,,World Vision_Africa Boreholes_2011-2015
442765,World Vision,2013-06-03T00:00:00.000,Yes,Non-Mechanized Borehole,,2012,World Vision,,,{25E457E3-EE03-4D03-B4ED-30E918C6DA51},UGA,Uganda,Northern,Borehole/Tubewell,Well,Motorized Pump,Improved,,Non-Functional,1,2020-10-01T21:10:17.000,,,World Vision_Africa Boreholes_2011-2015
443018,World Vision,2013-06-03T00:00:00.000,Yes,Non-Mechanized Borehole,,2012,World Vision,,,{F9DB6019-B7B1-4062-8FAA-412E2B0DEB27},UGA,Uganda,Northern,Borehole/Tubewell,Well,Motorized Pump,Improved,,Non-Functional,1,2020-10-01T21:10:17.000,,,World Vision_Africa Boreholes_2011-2015
467985,World Vision,2013-03-15T00:00:00.000,Yes,Non-Mechanized Borehole,,,World Vision,,,{0906E5AF-9DC9-4A28-829B-C934E2E8FF56},UGA,Uganda,Northern,Borehole/Tubewell,Well,Motorized Pump,Improved,,Non-Functional,1,2020-10-01T21:10:17.000,,,World Vision_Africa Boreholes_2011-2015
468911,World Vision,2013-03-21T00:00:00.000,No,Non-Mechanized Borehole,,,World Vision,,,{E8EDDF0A-D31D-482F-AFB5-62941A99ED08},UGA,Uganda,Northern,Borehole/Tubewell,Well,Motorized Pump,Improved,,Non-Functional,1,2020-10-01T21:10:17.000,,,World Vision_Africa Boreholes_2011-2015
469130,World Vision,2013-03-15T00:00:00.000,No,Non-Mechanized Borehole,,,World Vision,,,{03CE3FE2-B2B5-41FA-ACC5-1E3E04CDBCA0},UGA,Uganda,Northern,Borehole/Tubewell,Well,Motorized Pump,Improved,,Non-Functional,1,2020-10-01T21:10:17.000,,,World Vision_Africa Boreholes_2011-2015
469409,World Vision,2013-03-15T00:00:00.000,No,Non-Mechanized Borehole,,,World Vision,,,{2ACFE75A-B712-42CF-B61E-80AFF9EED294},UGA,Uganda,Northern,Borehole/Tubewell,Well,Motorized Pump,Improved,,Non-Functional,1,2020-10-01T21:10:17.000,,,World Vision_Africa Boreholes_2011-2015
471686,World Vision,2013-03-15T00:00:00.000,Yes,Non-Mechanized Borehole,None,2011,World Vision,,,{7C61677E-895F-40CB-A7D9-EDFA19DDBD59},UGA,Uganda,Western,Borehole/Tubewell,Well,Motorized Pump,Improved,,Non-Functional,1,2020-10-01T21:10:17.000,,,World Vision_Africa Boreholes_2011-2015
472859,World Vision,2013-03-15T00:00:00.000,Yes,Non-Mechanized Borehole,,,World Vision,,,{D16FC0BD-284E-4ECC-9ACC-81396750F2CA},UGA,Uganda,Northern,Borehole/Tubewell,Well,Motorized Pump,Improved,,Non-Functional,1,2020-10-01T21:10:17.000,,,World Vision_Africa Boreholes_2011-2015
721953,Lifeline,2014-11-22T00:00:00.000,Unknown,Pond or Scoop Hole,,,other,,,,UGA,Uganda,Northern,Borehole/Tubewell,Well,,Improved,,Non-Functional,1,2020-10-12T19:12:37.000,,,Lifeline_Uganda_2014
722491,Lifeline,2014-11-23T00:00:00.000,Unknown,Unprotected Spring,,,,,,,UGA,Uganda,Northern,Unprotected Well,Well,,Unknown,,Non-Functional,1,2020-10-12T19:12:37.000,,,Lifeline_Uganda_2014
728255,IRC,2019-07-31T00:00:00.000,Yes,Protected spring,,2010,,,,85524080,UGA,Uganda,Western,Protected Well,Well,,Improved,,"Functional, not in use",1,2022-09-06T18:58:22.000,,,IRC_Kabarole_Uganda_2019
728837,IRC,2019-08-15T00:00:00.000,Yes,Protected spring,,2009,,,,85516858,UGA,Uganda,Western,Protected Well,Well,,Improved,,"Functional, not in use",1,2022-09-06T18:58:22.000,,,IRC_Kabarole_Uganda_2019
827318,Water For People,2020-02-20T00:00:00.000,Yes,,Protected Shallow Well,,,,,,UGA,Uganda,Eastern,Undefined Well,Well,,Unknown,,Functional,1,2022-02-18T05:36:33.000,,,Water For People_Global_2017-2020
831122,The Water Trust,2022-02-15T00:00:00.000,No,Other,,,,,,,UGA,Uganda,Western,,,,Unknown,,Functional,1,2022-04-14T17:14:08.000,No payment,,The Water Trust_Uganda_2022
11593,Water For People,2020-02-20T00:00:00.000,Yes,,Protected deep borehole,,,,,,UGA,Uganda,Eastern,Borehole/Tubewell,Well,,Improved,,Functional,1,2022-02-18T05:36:33.000,,,Water For People_Global_2017-2020
11342,Water For People,2020-02-22T00:00:00.000,Yes,,Protected deep borehole,,,,,,UGA,Uganda,Eastern,Borehole/Tubewell,Well,,Improved,,Functional,1,2022-02-18T05:36:33.000,,,Water For People_Global_2017-2020
7875,Water For People,2005-09-07T00:00:00.000,Yes,,Protected Spring,,,,,,UGA,Uganda,Western,Protected Well,Well,,Improved,,Functional,1,2022-02-18T05:36:33.000,,,Water For People_Global_2017-2020
9942,Water For People,2020-02-20T00:00:00.000,Yes,,Protected Shallow Well,,,,,,UGA,Uganda,Eastern,Undefined Well,Well,,Unknown,,Functional,1,2022-02-18T05:36:33.000,,,Water For People_Global_2017-2020
13896,Water For People,2020-02-18T00:00:00.000,Yes,,Protected deep borehole,,,,,,UGA,Uganda,Eastern,Borehole/Tubewell,Well,,Improved,,Functional,1,2022-02-18T05:36:33.000,,,Water For People_Global_2017-2020
17108,Water For People,2020-02-22T00:00:00.000,Yes,,Protected Spring,,,,,,UGA,Uganda,Eastern,Protected Well,Well,,Improved,,Functional,1,2022-02-18T05:36:33.000,,,Water For People_Global_2017-2020
16551,Water For People,2020-02-20T00:00:00.000,Yes,,Protected Shallow Well,,,,,,UGA,Uganda,Eastern,Undefined Well,Well,,Unknown,,Functional,1,2022-02-18T05:36:33.000,,,Water For People_Global_2017-2020
19875,Water For People,2020-02-20T00:00:00.000,Yes,,Protected deep borehole,,,,,,UGA,Uganda,Eastern,Borehole/Tubewell,Well,,Improved,,Functional,1,2022-02-18T05:36:33.000,,,Water For People_Global_2017-2020
4730,"Ministry of Water and Environment, Uganda",2010-06-17T00:00:00.000,No,Protected spring,,1987,,,,010-00525,UGA,Uganda,Northern,Protected Well,Well,,Improved,Community Management,Non-Functional,1,2020-01-01T00:00:00.000,,,Ministry of Water and Environment_Uganda_2009
89,"Ministry of Water and Environment, Uganda",2010-04-29T00:00:00.000,No,Deep borehole,,2005,,,,010-00386,UGA,Uganda,Northern,Borehole/Tubewell,Well,Hand Pump - Afridev,Improved,Community Management,Non-Functional,1,2020-01-01T00:00:00.000,Fees collected – basis unknown,,Ministry of Water and Environment_Uganda_2009
1550,"Ministry of Water and Environment, Uganda",2010-04-20T00:00:00.000,Yes,Protected spring,,2009,,,,010-00455,UGA,Uganda,Northern,Protected Well,Well,,Improved,Community Management,"Functional, needs repair",1,2020-01-01T00:00:00.000,Fees collected – basis unknown,,Ministry of Water and Environment_Uganda_2009
2977,"Ministry of Water and Environment, Uganda",2010-04-22T00:00:00.000,Yes,Protected spring,,1997,,,,010-00490,UGA,Uganda,Northern,Protected Well,Well,,Improved,Community Management,"Functional, needs repair",1,2020-01-01T00:00:00.000,,,Ministry of Water and Environment_Uganda_2009
3073,"Ministry of Water and Environment, Uganda",2010-04-22T00:00:00.000,No,Deep borehole,,2000,,,,010-00493,UGA,Uganda,Northern,Borehole/Tubewell,Well,Hand Pump - Afridev,Improved,Other Institutional Management,Non-Functional,1,2020-01-01T00:00:00.000,,,Ministry of Water and Environment_Uganda_2009
731,"Ministry of Water and Environment, Uganda",2010-04-22T00:00:00.000,No,Protected spring,,2000,,,,010-00422,UGA,Uganda,Northern,Protected Well,Well,,Improved,Community Management,Non-Functional,1,2020-01-01T00:00:00.000,,,Ministry of Water and Environment_Uganda_2009
3763,"Ministry of Water and Environment, Uganda",2010-06-17T00:00:00.000,No,Protected spring,,1996,,,,010-00509,UGA,Uganda,Northern,Protected Well,Well,,Improved,Community Management,Non-Functional,1,2020-01-01T00:00:00.000,,,Ministry of Water and Environment_Uganda_2009
2249,"Ministry of Water and Environment, Uganda",2010-04-21T00:00:00.000,Yes,Deep borehole,,1967,,,,010-00478,UGA,Uganda,Northern,Borehole/Tubewell,Well,Hand Pump - Afridev,Improved,Community Management,"Functional, needs repair",1,2020-01-01T00:00:00.000,,,Ministry of Water and Environment_Uganda_2009
4808,"Ministry of Water and Environment, Uganda",2010-04-21T00:00:00.000,No,Rainwater Harvest Tank,,2000,,,,010-00528,UGA,Uganda,Northern,Rainwater Harvesting,Rainwater Harvesting,,Improved,Community Management,Non-Functional,1,2020-01-01T00:00:00.000,,,Ministry of Water and Environment_Uganda_2009
3109,"Ministry of Water and Environment, Uganda",2010-04-22T00:00:00.000,Yes,Protected spring,,2000,,,,010-00497,UGA,Uganda,Northern,Protected Well,Well,,Improved,Community Management,"Functional, needs repair",1,2020-01-01T00:00:00.000,,,Ministry of Water and Environment_Uganda_2009
678,"Ministry of Water and Environment, Uganda",2010-04-21T00:00:00.000,Yes,Deep borehole,,1992,,,,010-00419,UGA,Uganda,Northern,Borehole/Tubewell,Well,Hand Pump - Afridev,Improved,Community Management,"Functional, needs repair",1,2020-01-01T00:00:00.000,,,Ministry of Water and Environment_Uganda_2009
203,"Ministry of Water and Environment, Uganda",2010-04-29T00:00:00.000,Yes,Protected spring,,2002,,,,010-00393,UGA,Uganda,Northern,Protected Well,Well,,Improved,Community Management,"Functional, needs repair",1,2020-01-01T00:00:00.000,,,Ministry of Water and Environment_Uganda_2009
4480,"Ministry of Water and Environment, Uganda",2010-06-17T00:00:00.000,Yes,Protected spring,,1989,,,,010-00519,UGA,Uganda,Northern,Protected Well,Well,,Improved,Community Management,"Functional, needs repair",1,2020-01-01T00:00:00.000,,,Ministry of Water and Environment_Uganda_2009
16220,Water For People,2020-02-24T00:00:00.000,Yes,,Protected Spring,,,,,,UGA,Uganda,Eastern,Protected Well,Well,,Improved,,Functional,1,2022-02-18T05:36:33.000,,,Water For People_Global_2017-2020
4419,"Ministry of Water and Environment, Uganda",2010-06-17T00:00:00.000,No,Protected spring,,1987,,,,010-00515,UGA,Uganda,Northern,Protected Well,Well,,Improved,Community Management,Non-Functional,1,2020-01-01T00:00:00.000,,,Ministry of Water and Environment_Uganda_2009
798,"Ministry of Water and Environment, Uganda",2010-04-22T00:00:00.000,Yes,Protected spring,,1987,,,,010-00431,UGA,Uganda,Northern,Protected Well,Well,,Improved,Community Management,"Functional, needs repair",1,2020-01-01T00:00:00.000,,,Ministry of Water and Environment_Uganda_2009
815,"Ministry of Water and Environment, Uganda",2010-04-22T00:00:00.000,No,Rainwater Harvest Tank,,2000,,,,010-00433,UGA,Uganda,Northern,Rainwater Harvesting,Rainwater Harvesting,,Improved,Community Management,Non-Functional,1,2020-01-01T00:00:00.000,,,Ministry of Water and Environment_Uganda_2009
3122,"Ministry of Water and Environment, Uganda",2010-04-22T00:00:00.000,Yes,Protected spring,,2001,,,,010-00498,UGA,Uganda,Northern,Protected Well,Well,,Improved,Community Management,"Functional, needs repair",1,2020-01-01T00:00:00.000,,,Ministry of Water and Environment_Uganda_2009
11769,Water For People,2018-03-06T00:00:00.000,No,,Gravity Fed System|Kiosk or Public stand Post,,,,,,UGA,Uganda,Western,,,Public Tapstand,Improved,,Non-Functional,1,2022-02-18T05:36:33.000,,,Water For People_Global_2017-2020
3371,"Ministry of Water and Environment, Uganda",2010-04-21T00:00:00.000,No,Rainwater Harvest Tank,,2004,,,,010-00503,UGA,Uganda,Northern,Rainwater Harvesting,Rainwater Harvesting,,Improved,Community Management,Non-Functional,1,2020-01-01T00:00:00.000,,,Ministry of Water and Environment_Uganda_2009
13547,Water For People,2005-09-07T00:00:00.000,No,,Gravity Fed System|Public Stand Post,,,,,,UGA,Uganda,Western,,,Public Tapstand,Improved,,Non-Functional,1,2022-02-18T05:36:33.000,,,Water For People_Global_2017-2020
1096,"Ministry of Water and Environment, Uganda",2010-04-22T00:00:00.000,Yes,Deep borehole,,2001,,,,010-00442,UGA,Uganda,Northern,Borehole/Tubewell,Well,Hand Pump - Afridev,Improved,Other Institutional Management,"Functional, needs repair",1,2020-01-01T00:00:00.000,,,Ministry of Water and Environment_Uganda_2009
2047,"Ministry of Water and Environment, Uganda",2010-04-20T00:00:00.000,Yes,Protected spring,,1998,,,,010-00469,UGA,Uganda,Northern,Protected Well,Well,,Improved,Community Management,"Functional, needs repair",1,2020-01-01T00:00:00.000,,,Ministry of Water and Environment_Uganda_2009
1476,"Ministry of Water and Environment, Uganda",2010-04-20T00:00:00.000,No,Deep borehole,,2001,,,,010-00450,UGA,Uganda,Northern,Borehole/Tubewell,Well,Hand Pump - Afridev,Improved,Community Management,Non-Functional,1,2020-01-01T00:00:00.000,Fees collected – basis unknown,,Ministry of Water and Environment_Uganda_2009
2068,"Ministry of Water and Environment, Uganda",2010-04-20T00:00:00.000,No,Protected spring,,2000,,,,010-00470,UGA,Uganda,Northern,Protected Well,Well,,Improved,Community Management,Non-Functional,1,2020-01-01T00:00:00.000,,,Ministry of Water and Environment_Uganda_2009
2532,"Ministry of Water and Environment, Uganda",2010-04-21T00:00:00.000,Yes,Protected spring,,2005,,,,010-00480,UGA,Uganda,Northern,Protected Well,Well,,Improved,Community Management,"Functional, needs repair",1,2020-01-01T00:00:00.000,,,Ministry of Water and Environment_Uganda_2009
1908,"Ministry of Water and Environment, Uganda",2010-04-20T00:00:00.000,Yes,Deep borehole,,2006,,,,010-00467,UGA,Uganda,Northern,Borehole/Tubewell,Well,Hand Pump - Afridev,Improved,Community Management,"Functional, needs repair",1,2020-01-01T00:00:00.000,Fees collected – basis unknown,,Ministry of Water and Environment_Uganda_2009
839,Water For People,2019-03-16T00:00:00.000,Yes,,Protected deep borehole,,,,Present,,UGA,Uganda,Western,Borehole/Tubewell,Well,,Improved,,Functional,1,2022-02-18T05:36:33.000,,,Water For People_Global_2017-2020
8154,Water For People,2005-09-07T00:00:00.000,Yes,,Protected Spring,,,,,,UGA,Uganda,Western,Protected Well,Well,,Improved,,Functional,1,2022-02-18T05:36:33.000,,,Water For People_Global_2017-2020
461,"Ministry of Water and Environment, Uganda",2010-04-29T00:00:00.000,Yes,Protected spring,,2000,,,,010-00407,UGA,Uganda,Northern,Protected Well,Well,,Improved,Community Management,"Functional, needs repair",1,2020-01-01T00:00:00.000,,,Ministry of Water and Environment_Uganda_2009
13223,Water For People,2018-02-28T00:00:00.000,Yes,,Gravity Fed System|Kiosk or Public stand Post,,,,,,UGA,Uganda,Western,,,Public Tapstand,Improved,,Functional,1,2022-02-18T05:36:33.000,,,Water For People_Global_2017-2020
47,"Ministry of Water and Environment, Uganda",2010-04-29T00:00:00.000,No,Protected spring,,1957,,,,010-00384,UGA,Uganda,Northern,Protected Well,Well,,Improved,Community Management,Non-Functional,1,2020-01-01T00:00:00.000,,,Ministry of Water and Environment_Uganda_2009
1399,"Ministry of Water and Environment, Uganda",2010-04-20T00:00:00.000,Yes,Protected spring,,1995,,,,010-00448,UGA,Uganda,Northern,Protected Well,Well,,Improved,Community Management,"Functional, needs repair",1,2020-01-01T00:00:00.000,,,Ministry of Water and Environment_Uganda_2009
4968,"Ministry of Water and Environment, Uganda",2010-06-17T00:00:00.000,Yes,Protected spring,,1997,,,,010-00530,UGA,Uganda,Northern,Protected Well,Well,,Improved,Community Management,"Functional, needs repair",1,2020-01-01T00:00:00.000,,,Ministry of Water and Environment_Uganda_2009
1490,"Ministry of Water and Environment, Uganda",2010-04-20T00:00:00.000,No,Protected spring,,1983,,,,010-00452,UGA,Uganda,Northern,Protected Well,Well,,Improved,Community Management,Non-Functional,1,2020-01-01T00:00:00.000,,,Ministry of Water and Environment_Uganda_2009
31552,Water For People,2020-02-17T00:00:00.000,Yes,,Protected deep borehole,,,,,,UGA,Uganda,Eastern,Borehole/Tubewell,Well,,Improved,,Functional,1,2022-02-18T05:36:33.000,,,Water For People_Global_2017-2020
9322,Water For People,2020-02-14T00:00:00.000,Yes,,Protected Shallow Well,,,,Present,,UGA,Uganda,Eastern,Undefined Well,Well,,Unknown,,Functional,1,2022-02-18T05:36:33.000,,,Water For People_Global_2017-2020
1110,"Ministry of Water and Environment, Uganda",2010-04-22T00:00:00.000,Yes,Protected spring,,1985,,,,010-00443,UGA,Uganda,Northern,Protected Well,Well,,Improved,Community Management,"Functional, needs repair",1,2020-01-01T00:00:00.000,,,Ministry of Water and Environment_Uganda_2009
322,"Ministry of Water and Environment, Uganda",2010-04-29T00:00:00.000,Yes,Protected spring,,1990,,,,010-00403,UGA,Uganda,Northern,Protected Well,Well,,Improved,Community Management,"Functional, needs repair",1,2020-01-01T00:00:00.000,,,Ministry of Water and Environment_Uganda_2009
2470,"Ministry of Water and Environment, Uganda",2010-04-21T00:00:00.000,No,Protected spring,,2000,,,,010-00479,UGA,Uganda,Northern,Protected Well,Well,,Improved,Community Management,Non-Functional,1,2020-01-01T00:00:00.000,,,Ministry of Water and Environment_Uganda_2009
1075,"Ministry of Water and Environment, Uganda",2010-04-22T00:00:00.000,Yes,Protected spring,,1990,,,,010-00441,UGA,Uganda,Northern,Protected Well,Well,,Improved,Community Management,"Functional, needs repair",1,2020-01-01T00:00:00.000,,,Ministry of Water and Environment_Uganda_2009
3164,"Ministry of Water and Environment, Uganda",2010-04-22T00:00:00.000,Yes,Protected spring,,1995,,,,010-00500,UGA,Uganda,Northern,Protected Well,Well,,Improved,Community Management,"Functional, needs repair",1,2020-01-01T00:00:00.000,,,Ministry of Water and Environment_Uganda_2009
2123,"Ministry of Water and Environment, Uganda",2010-09-02T00:00:00.000,Yes,Protected spring,,2003,,,,010-00473,UGA,Uganda,Northern,Protected Well,Well,,Improved,Community Management,"Functional, needs repair",1,2020-01-01T00:00:00.000,,,Ministry of Water and Environment_Uganda_2009
3390,"Ministry of Water and Environment, Uganda",2010-04-21T00:00:00.000,Yes,Deep borehole,,1992,,,,010-00505,UGA,Uganda,Northern,Borehole/Tubewell,Well,Hand Pump - Afridev,Improved,Community Management,"Functional, needs repair",1,2020-01-01T00:00:00.000,,,Ministry of Water and Environment_Uganda_2009
2810,"Ministry of Water and Environment, Uganda",2010-04-21T00:00:00.000,Yes,Deep borehole,,2003,,,,010-00485,UGA,Uganda,Northern,Borehole/Tubewell,Well,Hand Pump - Afridev,Improved,Community Management,"Functional, needs repair",1,2020-01-01T00:00:00.000,Fees collected – basis unknown,,Ministry of Water and Environment_Uganda_2009
412,"Ministry of Water and Environment, Uganda",2010-04-29T00:00:00.000,Yes,Deep borehole,,2008,,,,010-00405,UGA,Uganda,Northern,Borehole/Tubewell,Well,Hand Pump - Afridev,Improved,Community Management,"Functional, needs repair",1,2020-01-01T00:00:00.000,Fees collected – basis unknown,,Ministry of Water and Environment_Uganda_2009
1434,"Ministry of Water and Environment, Uganda",2010-04-20T00:00:00.000,Yes,Protected spring,,1995,,,,010-00449,UGA,Uganda,Northern,Protected Well,Well,,Improved,Community Management,"Functional, needs repair",1,2020-01-01T00:00:00.000,,,Ministry of Water and Environment_Uganda_2009
2104,"Ministry of Water and Environment, Uganda",2010-04-22T00:00:00.000,Yes,Rainwater Harvest Tank,,1989,,,,010-00472,UGA,Uganda,Northern,Rainwater Harvesting,Rainwater Harvesting,,Improved,Community Management,"Functional, needs repair",1,2020-01-01T00:00:00.000,,,Ministry of Water and Environment_Uganda_2009
244,Water For People,2005-09-07T00:00:00.000,Yes,,Protected Spring,,,,,,UGA,Uganda,Western,Protected Well,Well,,Improved,,Functional,1,2022-02-18T05:36:33.000,,,Water For People_Global_2017-2020
4371,"Ministry of Water and Environment, Uganda",2010-06-17T00:00:00.000,No,Deep borehole,,1960,,,,010-00514,UGA,Uganda,Northern,Borehole/Tubewell,Well,Hand Pump - Afridev,Improved,Community Management,Non-Functional,1,2020-01-01T00:00:00.000,Fees collected – basis unknown,Acceptable quality,Ministry of Water and Environment_Uganda_2009
221,"Ministry of Water and Environment, Uganda",2010-04-29T00:00:00.000,Yes,Deep borehole,,2001,,,,010-00396,UGA,Uganda,Northern,Borehole/Tubewell,Well,Hand Pump - Afridev,Improved,Community Management,"Functional, needs repair",1,2020-01-01T00:00:00.000,Fees collected – basis unknown,,Ministry of Water and Environment_Uganda_2009
2642,"Ministry of Water and Environment, Uganda",2010-04-21T00:00:00.000,Yes,Protected spring,,2008,,,,010-00481,UGA,Uganda,Northern,Protected Well,Well,,Improved,Community Management,"Functional, needs repair",1,2020-01-01T00:00:00.000,,,Ministry of Water and Environment_Uganda_2009
30087,Water For People,2010-01-01T00:00:00.000,Yes,,Protected Spring,,,,,,UGA,Uganda,Eastern,Protected Well,Well,,Improved,,Functional,1,2022-02-18T05:36:33.000,,,Water For People_Global_2017-2020
1124,"Ministry of Water and Environment, Uganda",2010-04-22T00:00:00.000,Yes,Protected spring,,1995,,,,010-00445,UGA,Uganda,Northern,Protected Well,Well,,Improved,Community Management,"Functional, needs repair",1,2020-01-01T00:00:00.000,Fees collected – basis unknown,,Ministry of Water and Environment_Uganda_2009
161,"Ministry of Water and Environment, Uganda",2010-04-29T00:00:00.000,No,Protected spring,,1999,,,,010-00391,UGA,Uganda,Northern,Protected Well,Well,,Improved,Community Management,Non-Functional,1,2020-01-01T00:00:00.000,,,Ministry of Water and Environment_Uganda_2009
42,"Ministry of Water and Environment, Uganda",2010-04-29T00:00:00.000,Yes,Protected spring,,2004,,,,010-00383,UGA,Uganda,Northern,Protected Well,Well,,Improved,Community Management,"Functional, needs repair",1,2020-01-01T00:00:00.000,,,Ministry of Water and Environment_Uganda_2009
3372,"Ministry of Water and Environment, Uganda",2010-04-21T00:00:00.000,No,Kiosk,,2004,,,,010-00504,UGA,Uganda,Northern,,,Kiosk,Improved,Community Management,Non-Functional,1,2020-01-01T00:00:00.000,,,Ministry of Water and Environment_Uganda_2009
13327,Water For People,2005-09-07T00:00:00.000,Yes,,Protected Spring,,,,,,UGA,Uganda,Western,Protected Well,Well,,Improved,,Functional,1,2022-02-18T05:36:33.000,,,Water For People_Global_2017-2020
4500,"Ministry of Water and Environment, Uganda",2010-04-21T00:00:00.000,Yes,Protected spring,,1989,,,,010-00520,UGA,Uganda,Northern,Protected Well,Well,,Improved,Community Management,"Functional, needs repair",1,2020-01-01T00:00:00.000,,,Ministry of Water and Environment_Uganda_2009
2607,Water For People,2005-09-07T00:00:00.000,No,,Protected Shallow Well,,,,,,UGA,Uganda,Western,Undefined Well,Well,,Unknown,,Non-Functional,1,2022-02-18T05:36:33.000,,,Water For People_Global_2017-2020
2033,"Ministry of Water and Environment, Uganda",2010-04-20T00:00:00.000,Yes,Protected spring,,1997,,,,010-00468,UGA,Uganda,Northern,Protected Well,Well,,Improved,Community Management,"Functional, needs repair",1,2020-01-01T00:00:00.000,,,Ministry of Water and Environment_Uganda_2009
5894,"Ministry of Water and Environment, Uganda",2010-09-02T00:00:00.000,Yes,Shallow well,,2004,,,,010-00539,UGA,Uganda,Northern,Undefined Well,Well,,Unknown,Community Management,"Functional, needs repair",1,2020-01-01T00:00:00.000,Fees collected – basis unknown,,Ministry of Water and Environment_Uganda_2009
816,"Ministry of Water and Environment, Uganda",2010-04-22T00:00:00.000,Yes,Protected spring,,,,,,010-00434,UGA,Uganda,Northern,Protected Well,Well,,Improved,Community Management,"Functional, needs repair",1,2020-01-01T00:00:00.000,,,Ministry of Water and Environment_Uganda_2009
32105,Water For People,2005-09-07T00:00:00.000,Yes,,Protected Shallow Well,,,,,,UGA,Uganda,Western,Undefined Well,Well,,Unknown,,Functional,1,2022-02-18T05:36:33.000,,,Water For People_Global_2017-2020
1179,"Ministry of Water and Environment, Uganda",2010-04-22T00:00:00.000,Yes,Protected spring,,1987,,,,010-00447,UGA,Uganda,Northern,Protected Well,Well,,Improved,Community Management,"Functional, needs repair",1,2020-01-01T00:00:00.000,,,Ministry of Water and Environment_Uganda_2009
666,"Ministry of Water and Environment, Uganda",2013-08-06T00:00:00.000,Yes,Deep borehole,,2013,,,,010-01931,UGA,Uganda,Northern,Borehole/Tubewell,Well,Hand Pump - Afridev,Improved,Community Management,"Functional, needs repair",1,2020-01-01T00:00:00.000,Fees collected – basis unknown,,Ministry of Water and Environment_Uganda_2009
13287,Water For People,2005-09-07T00:00:00.000,Yes,,Protected Shallow Well,,,,,,UGA,Uganda,Western,Undefined Well,Well,,Unknown,,Functional,1,2022-02-18T05:36:33.000,,,Water For People_Global_2017-2020
6097,"Ministry of Water and Environment, Uganda",2010-04-27T00:00:00.000,Yes,Deep borehole,,2001,,,,010-00545,UGA,Uganda,Northern,Borehole/Tubewell,Well,Hand Pump - Afridev,Improved,Community Management,"Functional, needs repair",1,2020-01-01T00:00:00.000,Fees collected – basis unknown,,Ministry of Water and Environment_Uganda_2009
6216,"Ministry of Water and Environment, Uganda",2010-04-27T00:00:00.000,Yes,Deep borehole,,,,,,010-00548,UGA,Uganda,Northern,Borehole/Tubewell,Well,Hand Pump - Afridev,Improved,Community Management,"Functional, needs repair",1,2020-01-01T00:00:00.000,Fees collected – basis unknown,,Ministry of Water and Environment_Uganda_2009
743,"Ministry of Water and Environment, Uganda",2010-04-20T00:00:00.000,Yes,Rainwater Harvest Tank,,2004,,,,010-00424,UGA,Uganda,Northern,Rainwater Harvesting,Rainwater Harvesting,,Improved,Community Management,"Functional, needs repair",1,2020-01-01T00:00:00.000,,,Ministry of Water and Environment_Uganda_2009
1984,Water For People,2005-09-07T00:00:00.000,No,,Protected Deep Borehole,,,,,,UGA,Uganda,Western,Borehole/Tubewell,Well,,Improved,,Non-Functional,1,2022-02-18T05:36:33.000,,,Water For People_Global_2017-2020
1879,"Ministry of Water and Environment, Uganda",2010-04-23T00:00:00.000,Yes,Protected spring,,2000,,,,010-00464,UGA,Uganda,Northern,Protected Well,Well,,Improved,Community Management,"Functional, needs repair",1,2020-01-01T00:00:00.000,,,Ministry of Water and Environment_Uganda_2009
1720,"Ministry of Water and Environment, Uganda",2010-04-20T00:00:00.000,Yes,Protected spring,,1966,,,,010-00460,UGA,Uganda,Northern,Protected Well,Well,,Improved,Community Management,"Functional, needs repair",1,2020-01-01T00:00:00.000,,,Ministry of Water and Environment_Uganda_2009
2859,"Ministry of Water and Environment, Uganda",2010-04-22T00:00:00.000,Yes,Shallow well,,2000,,,,010-00486,UGA,Uganda,Northern,Undefined Well,Well,,Unknown,Community Management,"Functional, needs repair",1,2020-01-01T00:00:00.000,Fees collected – basis unknown,,Ministry of Water and Environment_Uganda_2009
142,"Ministry of Water and Environment, Uganda",2010-04-29T00:00:00.000,Yes,Deep borehole,,1994,,,,010-00389,UGA,Uganda,Northern,Borehole/Tubewell,Well,Hand Pump - Afridev,Improved,Community Management,"Functional, needs repair",1,2020-01-01T00:00:00.000,Fees collected – basis unknown,,Ministry of Water and Environment_Uganda_2009
870,"Ministry of Water and Environment, Uganda",2010-04-22T00:00:00.000,Yes,Protected spring,,1989,,,,010-00438,UGA,Uganda,Northern,Protected Well,Well,,Improved,Community Management,"Functional, needs repair",1,2020-01-01T00:00:00.000,,,Ministry of Water and Environment_Uganda_2009
125,"Ministry of Water and Environment, Uganda",2010-04-29T00:00:00.000,Yes,Deep borehole,,2010,,,,010-00387,UGA,Uganda,Northern,Borehole/Tubewell,Well,Hand Pump - Afridev,Improved,Community Management,"Functional, needs repair",1,2020-01-01T00:00:00.000,Fees collected – basis unknown,,Ministry of Water and Environment_Uganda_2009
10955,Water For People,2005-09-07T00:00:00.000,Yes,,Protected Deep Borehole,,,,,,UGA,Uganda,Western,Borehole/Tubewell,Well,,Improved,,Functional,1,2022-02-18T05:36:33.000,,,Water For People_Global_2017-2020
754,"Ministry of Water and Environment, Uganda",2010-04-20T00:00:00.000,No,Protected spring,,1984,,,,010-00426,UGA,Uganda,Northern,Protected Well,Well,,Improved,Community Management,Non-Functional,1,2020-01-01T00:00:00.000,,,Ministry of Water and Environment_Uganda_2009
4426,"Ministry of Water and Environment, Uganda",2010-06-17T00:00:00.000,Yes,Kiosk,,2003,,,,010-00516,UGA,Uganda,Northern,,,Kiosk,Improved,Community Management,"Functional, needs repair",1,2020-01-01T00:00:00.000,Fees collected – basis unknown,,Ministry of Water and Environment_Uganda_2009
2241,"Ministry of Water and Environment, Uganda",2010-04-20T00:00:00.000,Yes,Protected spring,,2000,,,,010-00474,UGA,Uganda,Northern,Protected Well,Well,,Improved,Community Management,"Functional, needs repair",1,2020-01-01T00:00:00.000,,,Ministry of Water and Environment_Uganda_2009
1585,"Ministry of Water and Environment, Uganda",2010-04-20T00:00:00.000,Yes,Protected spring,,1995,,,,010-00457,UGA,Uganda,Northern,Protected Well,Well,,Improved,Community Management,"Functional, needs repair",1,2020-01-01T00:00:00.000,,,Ministry of Water and Environment_Uganda_2009
490,Water For People,2020-02-21T00:00:00.000,Yes,,Protected deep borehole,,,,,,UGA,Uganda,Eastern,Borehole/Tubewell,Well,,Improved,,Functional,1,2022-02-18T05:36:33.000,,,Water For People_Global_2017-2020
394,"Ministry of Water and Environment, Uganda",2010-04-29T00:00:00.000,Yes,Protected spring,,1990,,,,010-00404,UGA,Uganda,Northern,Protected Well,Well,,Improved,Community Management,"Functional, needs repair",1,2020-01-01T00:00:00.000,,,Ministry of Water and Environment_Uganda_2009
5274,"Ministry of Water and Environment, Uganda",2010-06-17T00:00:00.000,Yes,Protected spring,,1997,,,,010-00536,UGA,Uganda,Northern,Protected Well,Well,,Improved,Community Management,"Functional, needs repair",1,2020-01-01T00:00:00.000,Fees collected – basis unknown,,Ministry of Water and Environment_Uganda_2009
1151,"Ministry of Water and Environment, Uganda",2010-04-22T00:00:00.000,No,Protected spring,,1983,,,,010-00446,UGA,Uganda,Northern,Protected Well,Well,,Improved,Community Management,Non-Functional,1,2020-01-01T00:00:00.000,,,Ministry of Water and Environment_Uganda_2009
6006,"Ministry of Water and Environment, Uganda",2010-04-27T00:00:00.000,Yes,Deep borehole,,1994,,,,010-00543,UGA,Uganda,Northern,Borehole/Tubewell,Well,Hand Pump - Afridev,Improved,Community Management,"Functional, needs repair",1,2020-01-01T00:00:00.000,Fees collected – basis unknown,,Ministry of Water and Environment_Uganda_2009
570,"Ministry of Water and Environment, Uganda",2010-04-21T00:00:00.000,No,Shallow well,,2000,,,,010-00413,UGA,Uganda,Northern,Undefined Well,Well,,Unknown,Community Management,Non-Functional,1,2020-01-01T00:00:00.000,Fees collected – basis unknown,,Ministry of Water and Environment_Uganda_2009
1721,"Ministry of Water and Environment, Uganda",2010-04-20T00:00:00.000,Yes,Rainwater Harvest Tank,,2006,,,,010-00461,UGA,Uganda,Northern,Rainwater Harvesting,Rainwater Harvesting,,Improved,Community Management,"Functional, needs repair",1,2020-01-01T00:00:00.000,,,Ministry of Water and Environment_Uganda_2009
4070,"Ministry of Water and Environment, Uganda",2010-06-17T00:00:00.000,No,Protected spring,,1960,,,,010-00513,UGA,Uganda,Northern,Protected Well,Well,,Improved,Community Management,Non-Functional,1,2020-01-01T00:00:00.000,,,Ministry of Water and Environment_Uganda_2009
3163,"Ministry of Water and Environment, Uganda",2010-04-22T00:00:00.000,No,Protected spring,,1966,,,,010-00499,UGA,Uganda,Northern,Protected Well,Well,,Improved,Community Management,Non-Functional,1,2020-01-01T00:00:00.000,,,Ministry of Water and Environment_Uganda_2009
1628,"Ministry of Water and Environment, Uganda",2010-04-20T00:00:00.000,Yes,Rainwater Harvest Tank,,2005,,,,010-00459,UGA,Uganda,Northern,Rainwater Harvesting,Rainwater Harvesting,,Improved,Community Management,"Functional, needs repair",1,2020-01-01T00:00:00.000,,,Ministry of Water and Environment_Uganda_2009
245,"Ministry of Water and Environment, Uganda",2010-04-29T00:00:00.000,Yes,Deep borehole,,1997,,,,010-00398,UGA,Uganda,Northern,Borehole/Tubewell,Well,Hand Pump - Afridev,Improved,Community Management,"Functional, needs repair",1,2020-01-01T00:00:00.000,Fees collected – basis unknown,,Ministry of Water and Environment_Uganda_2009
5965,"Ministry of Water and Environment, Uganda",2010-04-22T00:00:00.000,Yes,Protected spring,,1998,,,,010-00542,UGA,Uganda,Northern,Protected Well,Well,,Improved,Community Management,"Functional, needs repair",1,2020-01-01T00:00:00.000,,,Ministry of Water and Environment_Uganda_2009
3191,"Ministry of Water and Environment, Uganda",2010-04-21T00:00:00.000,No,Protected spring,,1952,,,,010-00501,UGA,Uganda,Northern,Protected Well,Well,,Improved,Other,Non-Functional,1,2020-01-01T00:00:00.000,,,Ministry of Water and Environment_Uganda_2009
1907,"Ministry of Water and Environment, Uganda",2010-04-21T00:00:00.000,No,Protected spring,,2003,,,,010-00465,UGA,Uganda,Northern,Protected Well,Well,,Improved,Community Management,Non-Functional,1,2020-01-01T00:00:00.000,,,Ministry of Water and Environment_Uganda_2009
299,"Ministry of Water and Environment, Uganda",2010-04-29T00:00:00.000,Yes,Deep borehole,,2007,,,,010-00399,UGA,Uganda,Northern,Borehole/Tubewell,Well,Hand Pump - Afridev,Improved,Community Management,"Functional, needs repair",1,2020-01-01T00:00:00.000,Fees collected – basis unknown,,Ministry of Water and Environment_Uganda_2009
18,"Ministry of Water and Environment, Uganda",2010-04-29T00:00:00.000,No,Deep borehole,,,,,,010-00379,UGA,Uganda,Northern,Borehole/Tubewell,Well,Hand Pump - Afridev,Improved,Other,Non-Functional,1,2020-01-01T00:00:00.000,,,Ministry of Water and Environment_Uganda_2009
1220,"Ministry of Water and Environment, Uganda",2014-05-08T00:00:00.000,Yes,Deep borehole,,2014,,,,010-02278,UGA,Uganda,Northern,Borehole/Tubewell,Well,Hand Pump - Afridev,Improved,Community Management,"Functional, needs repair",1,2020-01-01T00:00:00.000,,,Ministry of Water and Environment_Uganda_2009
35,"Ministry of Water and Environment, Uganda",2010-04-29T00:00:00.000,No,Rainwater Harvest Tank,,2002,,,,010-00380,UGA,Uganda,Northern,Rainwater Harvesting,Rainwater Harvesting,,Improved,Community Management,Non-Functional,1,2020-01-01T00:00:00.000,,,Ministry of Water and Environment_Uganda_2009
149,"Ministry of Water and Environment, Uganda",2010-04-29T00:00:00.000,No,Kiosk,,2007,,,,010-00390,UGA,Uganda,Northern,,,Kiosk,Improved,Private Operator/Delegated Management,Non-Functional,1,2020-01-01T00:00:00.000,,,Ministry of Water and Environment_Uganda_2009
3080,"Ministry of Water and Environment, Uganda",2010-04-22T00:00:00.000,No,Protected spring,,1989,,,,010-00494,UGA,Uganda,Northern,Protected Well,Well,,Improved,Community Management,Non-Functional,1,2020-01-01T00:00:00.000,,,Ministry of Water and Environment_Uganda_2009
4439,"Ministry of Water and Environment, Uganda",2010-06-17T00:00:00.000,Yes,Protected spring,,1996,,,,010-00518,UGA,Uganda,Northern,Protected Well,Well,,Improved,Community Management,"Functional, needs repair",1,2020-01-01T00:00:00.000,,,Ministry of Water and Environment_Uganda_2009
857,"Ministry of Water and Environment, Uganda",2010-04-22T00:00:00.000,No,Deep borehole,,2001,,,,010-00436,UGA,Uganda,Northern,Borehole/Tubewell,Well,Hand Pump - Afridev,Improved,Community Management,Non-Functional,1,2020-01-01T00:00:00.000,,,Ministry of Water and Environment_Uganda_2009
3840,Water For People,2005-09-07T00:00:00.000,No,,Gravity Fed System|Kiosk,,,,,,UGA,Uganda,Western,,,Kiosk,Improved,,Non-Functional,1,2022-02-18T05:36:33.000,,,Water For People_Global_2017-2020
3397,"Ministry of Water and Environment, Uganda",2010-04-22T00:00:00.000,Yes,Deep borehole,,2009,,,,010-00506,UGA,Uganda,Northern,Borehole/Tubewell,Well,Hand Pump - Afridev,Improved,Community Management,"Functional, needs repair",1,2020-01-01T00:00:00.000,Fees collected – basis unknown,,Ministry of Water and Environment_Uganda_2009
563,"Ministry of Water and Environment, Uganda",2010-04-21T00:00:00.000,Yes,Shallow well,,2007,,,,010-00411,UGA,Uganda,Northern,Undefined Well,Well,,Unknown,Community Management,"Functional, needs repair",1,2020-01-01T00:00:00.000,Fees collected – basis unknown,,Ministry of Water and Environment_Uganda_2009
695,"Ministry of Water and Environment, Uganda",2010-04-21T00:00:00.000,No,Deep borehole,,1996,,,,010-00420,UGA,Uganda,Northern,Borehole/Tubewell,Well,Hand Pump - Afridev,Improved,Community Management,Non-Functional,1,2020-01-01T00:00:00.000,,,Ministry of Water and Environment_Uganda_2009
773,"Ministry of Water and Environment, Uganda",2010-04-21T00:00:00.000,Yes,Deep borehole,,1989,,,,010-00428,UGA,Uganda,Northern,Borehole/Tubewell,Well,Hand Pump - Afridev,Improved,Other Institutional Management,"Functional, needs repair",1,2020-01-01T00:00:00.000,,,Ministry of Water and Environment_Uganda_2009
3087,"Ministry of Water and Environment, Uganda",2010-04-22T00:00:00.000,Yes,Protected spring,,1998,,,,010-00495,UGA,Uganda,Northern,Protected Well,Well,,Improved,Community Management,"Functional, needs repair",1,2020-01-01T00:00:00.000,,,Ministry of Water and Environment_Uganda_2009
1536,"Ministry of Water and Environment, Uganda",2010-04-20T00:00:00.000,No,Deep borehole,,2004,,,,010-00454,UGA,Uganda,Northern,Borehole/Tubewell,Well,Hand Pump - Afridev,Improved,Community Management,Non-Functional,1,2020-01-01T00:00:00.000,Fees collected – basis unknown,Bad smell,Ministry of Water and Environment_Uganda_2009
1796,"Ministry of Water and Environment, Uganda",2010-04-20T00:00:00.000,Yes,Deep borehole,,2003,,,,010-00462,UGA,Uganda,Northern,Borehole/Tubewell,Well,Hand Pump - Afridev,Improved,Community Management,"Functional, needs repair",1,2020-01-01T00:00:00.000,Fees collected – basis unknown,,Ministry of Water and Environment_Uganda_2009
3024,"Ministry of Water and Environment, Uganda",2010-04-22T00:00:00.000,No,Deep borehole,,1987,,,,010-00491,UGA,Uganda,Northern,Borehole/Tubewell,Well,Hand Pump - Afridev,Improved,Other,Non-Functional,1,2020-01-01T00:00:00.000,,,Ministry of Water and Environment_Uganda_2009
5087,"Ministry of Water and Environment, Uganda",2010-06-17T00:00:00.000,Yes,Shallow well,,2008,,,,010-00534,UGA,Uganda,Northern,Undefined Well,Well,,Unknown,Community Management,"Functional, needs repair",1,2020-01-01T00:00:00.000,Fees collected – basis unknown,,Ministry of Water and Environment_Uganda_2009
605,"Ministry of Water and Environment, Uganda",2010-04-21T00:00:00.000,Yes,Deep borehole,,2007,,,,010-00414,UGA,Uganda,Northern,Borehole/Tubewell,Well,Hand Pump - Afridev,Improved,Community Management,"Functional, needs repair",1,2020-01-01T00:00:00.000,Fees collected – basis unknown,,Ministry of Water and Environment_Uganda_2009
11260,Water For People,2005-09-07T00:00:00.000,Yes,,Protected Shallow Well,,,,,,UGA,Uganda,Western,Undefined Well,Well,,Unknown,,Functional,1,2022-02-18T05:36:33.000,,,Water For People_Global_2017-2020
2643,"Ministry of Water and Environment, Uganda",2010-04-21T00:00:00.000,Yes,Protected spring,,1989,,,,010-00482,UGA,Uganda,Northern,Protected Well,Well,,Improved,Community Management,"Functional, needs repair",1,2020-01-01T00:00:00.000,,,Ministry of Water and Environment_Uganda_2009
2956,"Ministry of Water and Environment, Uganda",2010-04-22T00:00:00.000,No,Rainwater Harvest Tank,,2004,,,,010-00489,UGA,Uganda,Northern,Rainwater Harvesting,Rainwater Harvesting,,Improved,Community Management,Non-Functional,1,2020-01-01T00:00:00.000,,,Ministry of Water and Environment_Uganda_2009
4668,"Ministry of Water and Environment, Uganda",2010-06-17T00:00:00.000,Yes,Shallow well,,2007,,,,010-00523,UGA,Uganda,Northern,Undefined Well,Well,,Unknown,Community Management,"Functional, not in use",1,2020-01-01T00:00:00.000,,,Ministry of Water and Environment_Uganda_2009
2803,"Ministry of Water and Environment, Uganda",2010-04-21T00:00:00.000,Yes,Protected spring,,2001,,,,010-00483,UGA,Uganda,Northern,Protected Well,Well,,Improved,Community Management,"Functional, needs repair",1,2020-01-01T00:00:00.000,,,Ministry of Water and Environment_Uganda_2009
304,"Ministry of Water and Environment, Uganda",2010-04-29T00:00:00.000,Yes,Deep borehole,,1996,,,,010-00400,UGA,Uganda,Northern,Borehole/Tubewell,Well,Hand Pump - Afridev,Improved,Community Management,"Functional, needs repair",1,2020-01-01T00:00:00.000,Fees collected – basis unknown,,Ministry of Water and Environment_Uganda_2009
3445,"Ministry of Water and Environment, Uganda",2010-06-17T00:00:00.000,Yes,Protected spring,,2005,,,,010-00508,UGA,Uganda,Northern,Protected Well,Well,,Improved,Community Management,"Functional, needs repair",1,2020-01-01T00:00:00.000,,,Ministry of Water and Environment_Uganda_2009
484,"Ministry of Water and Environment, Uganda",2010-04-29T00:00:00.000,Yes,Protected spring,,1989,,,,010-00408,UGA,Uganda,Northern,Protected Well,Well,,Improved,Community Management,"Functional, needs repair",1,2020-01-01T00:00:00.000,Fees collected – basis unknown,,Ministry of Water and Environment_Uganda_2009
1062,"Ministry of Water and Environment, Uganda",2010-04-22T00:00:00.000,Yes,Deep borehole,,2001,,,,010-00440,UGA,Uganda,Northern,Borehole/Tubewell,Well,Hand Pump - Afridev,Improved,Community Management,"Functional, needs repair",1,2020-01-01T00:00:00.000,Fees collected – basis unknown,,Ministry of Water and Environment_Uganda_2009
400,Water For People,2019-03-21T00:00:00.000,No,,Protected deep borehole,,,,,,UGA,Uganda,Western,Borehole/Tubewell,Well,,Improved,,Non-Functional,1,2022-02-18T05:36:33.000,,,Water For People_Global_2017-2020
869,"Ministry of Water and Environment, Uganda",2010-04-22T00:00:00.000,No,Rainwater Harvest Tank,,2009,,,,010-00437,UGA,Uganda,Northern,Rainwater Harvesting,Rainwater Harvesting,,Improved,Community Management,Non-Functional,1,2020-01-01T00:00:00.000,,,Ministry of Water and Environment_Uganda_2009
4919,"Ministry of Water and Environment, Uganda",2010-04-21T00:00:00.000,Yes,Deep borehole,,2008,,,,010-00529,UGA,Uganda,Northern,Borehole/Tubewell,Well,Hand Pump - Afridev,Improved,Community Management,"Functional, needs repair",1,2020-01-01T00:00:00.000,Fees collected – basis unknown,,Ministry of Water and Environment_Uganda_2009
4,"Ministry of Water and Environment, Uganda",2010-04-29T00:00:00.000,Yes,Deep borehole,,1998,,,,010-00376,UGA,Uganda,Northern,Borehole/Tubewell,Well,Hand Pump - Afridev,Improved,Community Management,"Functional, needs repair",1,2020-01-01T00:00:00.000,Fees collected – basis unknown,,Ministry of Water and Environment_Uganda_2009
1497,"Ministry of Water and Environment, Uganda",2010-04-20T00:00:00.000,Yes,Protected spring,,2000,,,,010-00453,UGA,Uganda,Northern,Protected Well,Well,,Improved,Community Management,"Functional, needs repair",1,2020-01-01T00:00:00.000,,,Ministry of Water and Environment_Uganda_2009
6181,"Ministry of Water and Environment, Uganda",2010-04-27T00:00:00.000,Yes,Protected spring,,1989,,,,010-00546,UGA,Uganda,Northern,Protected Well,Well,,Improved,Community Management,"Functional, needs repair",1,2020-01-01T00:00:00.000,Fees collected – basis unknown,,Ministry of Water and Environment_Uganda_2009
10370,Water For People,2005-09-07T00:00:00.000,No,,Protected Spring,,,,,,UGA,Uganda,Western,Protected Well,Well,,Improved,,Non-Functional,1,2022-02-18T05:36:33.000,,,Water For People_Global_2017-2020
36,"Ministry of Water and Environment, Uganda",2010-04-29T00:00:00.000,Yes,Deep borehole,,2003,,,,010-00381,UGA,Uganda,Northern,Borehole/Tubewell,Well,Hand Pump - Afridev,Improved,Community Management,"Functional, needs repair",1,2020-01-01T00:00:00.000,Fees collected – basis unknown,,Ministry of Water and Environment_Uganda_2009
1627,"Ministry of Water and Environment, Uganda",2010-04-20T00:00:00.000,Yes,Protected spring,,1998,,,,010-00458,UGA,Uganda,Northern,Protected Well,Well,,Improved,Community Management,"Functional, needs repair",1,2020-01-01T00:00:00.000,,,Ministry of Water and Environment_Uganda_2009
809,"Ministry of Water and Environment, Uganda",2010-04-22T00:00:00.000,No,Protected spring,,1989,,,,010-00432,UGA,Uganda,Northern,Protected Well,Well,,Improved,Community Management,Non-Functional,1,2020-01-01T00:00:00.000,,,Ministry of Water and Environment_Uganda_2009
13400,Water For People,2005-09-07T00:00:00.000,No,,Pumped Piped System|Public Stand Post,,,,,,UGA,Uganda,Western,Piped Water,Piped Water,Public Tapstand,Improved,,Non-Functional,1,2022-02-18T05:36:33.000,,,Water For People_Global_2017-2020
664,"Ministry of Water and Environment, Uganda",2010-09-29T00:00:00.000,Yes,Deep borehole,,2009,,,,010-00417,UGA,Uganda,Northern,Borehole/Tubewell,Well,Hand Pump - Afridev,Improved,Community Management,"Functional, needs repair",1,2020-01-01T00:00:00.000,Fees collected – basis unknown,,Ministry of Water and Environment_Uganda_2009
256,Water For People,2005-09-07T00:00:00.000,Yes,,Protected Shallow Well,,,,,,UGA,Uganda,Western,Undefined Well,Well,,Unknown,,Functional,1,2022-02-18T05:36:33.000,,,Water For People_Global_2017-2020
755,"Ministry of Water and Environment, Uganda",2010-04-20T00:00:00.000,Yes,Protected spring,,2009,,,,010-00427,UGA,Uganda,Northern,Protected Well,Well,,Improved,Community Management,"Functional, needs repair",1,2020-01-01T00:00:00.000,,,Ministry of Water and Environment_Uganda_2009
2900,"Ministry of Water and Environment, Uganda",2010-04-22T00:00:00.000,No,Deep borehole,,1992,,,,010-00487,UGA,Uganda,Northern,Borehole/Tubewell,Well,Hand Pump - Afridev,Improved,Community Management,Non-Functional,1,2020-01-01T00:00:00.000,,,Ministry of Water and Environment_Uganda_2009
713,"Ministry of Water and Environment, Uganda",2010-04-20T00:00:00.000,No,Deep borehole,,1998,,,,010-00421,UGA,Uganda,Northern,Borehole/Tubewell,Well,Hand Pump - Afridev,Improved,Community Management,Non-Functional,1,2020-01-01T00:00:00.000,,,Ministry of Water and Environment_Uganda_2009
8952,Water For People,2005-09-07T00:00:00.000,Yes,,Protected Shallow Well,,,,,,UGA,Uganda,Western,Undefined Well,Well,,Unknown,,Functional,1,2022-02-18T05:36:33.000,,,Water For People_Global_2017-2020
856,Water For People,2018-02-26T00:00:00.000,No,,Protected spring catchment,,,,,,UGA,Uganda,Western,Protected Well,Well,,Improved,,Non-Functional,1,2022-02-18T05:36:33.000,,,Water For People_Global_2017-2020
11488,Water For People,2005-09-07T00:00:00.000,Yes,,Protected Deep Borehole,,,,,,UGA,Uganda,Western,Borehole/Tubewell,Well,,Improved,,Functional,1,2022-02-18T05:36:33.000,,,Water For People_Global_2017-2020
3316,"Ministry of Water and Environment, Uganda",2010-04-21T00:00:00.000,Yes,Deep borehole,,1997,,,,010-00502,UGA,Uganda,Northern,Borehole/Tubewell,Well,Hand Pump - Afridev,Improved,Community Management,"Functional, needs repair",1,2020-01-01T00:00:00.000,Fees collected – basis unknown,,Ministry of Water and Environment_Uganda_2009
641,"Ministry of Water and Environment, Uganda",2010-04-21T00:00:00.000,Yes,Protected spring,,2000,,,,010-00416,UGA,Uganda,Northern,Protected Well,Well,,Improved,Community Management,"Functional, needs repair",1,2020-01-01T00:00:00.000,,,Ministry of Water and Environment_Uganda_2009
328,Water For People,2005-09-07T00:00:00.000,Yes,,Protected Deep Borehole,,,,,,UGA,Uganda,Western,Borehole/Tubewell,Well,,Improved,,Functional,1,2022-02-18T05:36:33.000,,,Water For People_Global_2017-2020
5722,"Ministry of Water and Environment, Uganda",2010-06-17T00:00:00.000,No,Shallow well,,2003,,,,010-00538,UGA,Uganda,Northern,Undefined Well,Well,,Unknown,Community Management,Non-Functional,1,2020-01-01T00:00:00.000,Fees collected – basis unknown,,Ministry of Water and Environment_Uganda_2009
311,"Ministry of Water and Environment, Uganda",2010-04-29T00:00:00.000,Yes,Deep borehole,,1996,,,,010-00402,UGA,Uganda,Northern,Borehole/Tubewell,Well,Hand Pump - Afridev,Improved,Community Management,"Functional, needs repair",1,2020-01-01T00:00:00.000,Fees collected – basis unknown,,Ministry of Water and Environment_Uganda_2009
4438,"Ministry of Water and Environment, Uganda",2010-06-17T00:00:00.000,Yes,Protected spring,,1989,,,,010-00517,UGA,Uganda,Northern,Protected Well,Well,,Improved,Community Management,"Functional, needs repair",1,2020-01-01T00:00:00.000,,,Ministry of Water and Environment_Uganda_2009
17,"Ministry of Water and Environment, Uganda",2010-04-29T00:00:00.000,Yes,Protected spring,,1997,,,,010-00378,UGA,Uganda,Northern,Protected Well,Well,,Improved,Community Management,"Functional, needs repair",1,2020-01-01T00:00:00.000,,,Ministry of Water and Environment_Uganda_2009
503,"Ministry of Water and Environment, Uganda",2010-04-21T00:00:00.000,No,Protected spring,,1999,,,,010-00410,UGA,Uganda,Northern,Protected Well,Well,,Improved,Community Management,Non-Functional,1,2020-01-01T00:00:00.000,,,Ministry of Water and Environment_Uganda_2009
1831,"Ministry of Water and Environment, Uganda",2010-04-20T00:00:00.000,No,Deep borehole,,1982,,,,010-00463,UGA,Uganda,Northern,Borehole/Tubewell,Well,Hand Pump - Afridev,Improved,Other Institutional Management,Non-Functional,1,2020-01-01T00:00:00.000,,Bad color,Ministry of Water and Environment_Uganda_2009
2248,"Ministry of Water and Environment, Uganda",2010-04-20T00:00:00.000,Yes,Protected spring,,1998,,,,010-00477,UGA,Uganda,Northern,Protected Well,Well,,Improved,Community Management,"Functional, needs repair",1,2020-01-01T00:00:00.000,,,Ministry of Water and Environment_Uganda_2009
2949,"Ministry of Water and Environment, Uganda",2010-04-22T00:00:00.000,Yes,Deep borehole,,1994,,,,010-00488,UGA,Uganda,Northern,Borehole/Tubewell,Well,Hand Pump - Afridev,Improved,Community Management,"Functional, needs repair",1,2020-01-01T00:00:00.000,Fees collected – basis unknown,,Ministry of Water and Environment_Uganda_2009
6189,"Ministry of Water and Environment, Uganda",2010-04-27T00:00:00.000,Yes,Protected spring,,2005,,,,010-00547,UGA,Uganda,Northern,Protected Well,Well,,Improved,Community Management,"Functional, needs repair",1,2020-01-01T00:00:00.000,,,Ministry of Water and Environment_Uganda_2009
3108,"Ministry of Water and Environment, Uganda",2010-04-22T00:00:00.000,Yes,Protected spring,,2001,,,,010-00496,UGA,Uganda,Northern,Protected Well,Well,,Improved,Community Management,"Functional, needs repair",1,2020-01-01T00:00:00.000,,,Ministry of Water and Environment_Uganda_2009
1477,"Ministry of Water and Environment, Uganda",2010-04-20T00:00:00.000,Yes,Protected spring,,1955,,,,010-00451,UGA,Uganda,Northern,Protected Well,Well,,Improved,Community Management,"Functional, needs repair",1,2020-01-01T00:00:00.000,,,Ministry of Water and Environment_Uganda_2009
4479,Water For People,2020-02-22T00:00:00.000,Yes,,Pumped piped system,,,,Present,,UGA,Uganda,Eastern,Surface Water (River/Stream/Lake/Pond/Dam),Surface Water,,No facilities,,Functional,1,2022-02-18T05:36:33.000,,,Water For People_Global_2017-2020
204,"Ministry of Water and Environment, Uganda",2014-05-08T00:00:00.000,Yes,Deep borehole,,2014,,,,010-02034,UGA,Uganda,Northern,Borehole/Tubewell,Well,Hand Pump - Afridev,Improved,Community Management,"Functional, needs repair",1,2020-01-01T00:00:00.000,,,Ministry of Water and Environment_Uganda_2009
6069,"Ministry of Water and Environment, Uganda",2010-04-27T00:00:00.000,Yes,Protected spring,,2004,,,,010-00544,UGA,Uganda,Northern,Protected Well,Well,,Improved,Community Management,"Functional, needs repair",1,2020-01-01T00:00:00.000,Fees collected – basis unknown,,Ministry of Water and Environment_Uganda_2009
6391,"Ministry of Water and Environment, Uganda",2010-04-27T00:00:00.000,Yes,Protected spring,,1990,,,,010-00549,UGA,Uganda,Northern,Protected Well,Well,,Improved,Community Management,"Functional, needs repair",1,2020-01-01T00:00:00.000,,,Ministry of Water and Environment_Uganda_2009
5908,"Ministry of Water and Environment, Uganda",2010-04-22T00:00:00.000,No,Shallow well,,2001,,,,010-00540,UGA,Uganda,Northern,Undefined Well,Well,,Unknown,Community Management,Non-Functional,1,2020-01-01T00:00:00.000,,,Ministry of Water and Environment_Uganda_2009
4007,"Ministry of Water and Environment, Uganda",2010-04-21T00:00:00.000,Yes,Deep borehole,,2008,,,,010-00512,UGA,Uganda,Northern,Borehole/Tubewell,Well,Hand Pump - Afridev,Improved,Community Management,"Functional, needs repair",1,2020-01-01T00:00:00.000,Fees collected – basis unknown,,Ministry of Water and Environment_Uganda_2009
4731,"Ministry of Water and Environment, Uganda",2010-04-21T00:00:00.000,Yes,Deep borehole,,1968,,,,010-00526,UGA,Uganda,Northern,Borehole/Tubewell,Well,Hand Pump - Afridev,Improved,Community Management,"Functional, needs repair",1,2020-01-01T00:00:00.000,Fees collected – basis unknown,,Ministry of Water and Environment_Uganda_2009
10134,Water For People,2020-02-21T00:00:00.000,Yes,,Protected Shallow Well,,,,,,UGA,Uganda,Eastern,Undefined Well,Well,,Unknown,,Functional,1,2022-02-18T05:36:33.000,,,Water For People_Global_2017-2020
8804,Water For People,2020-02-17T00:00:00.000,Yes,,Protected Shallow Well,,,,,,UGA,Uganda,Eastern,Undefined Well,Well,,Unknown,,Functional,1,2022-02-18T05:36:33.000,,,Water For People_Global_2017-2020
4807,"Ministry of Water and Environment, Uganda",2010-06-17T00:00:00.000,Yes,Deep borehole,,2008,,,,010-00527,UGA,Uganda,Northern,Borehole/Tubewell,Well,Hand Pump - Afridev,Improved,Community Management,"Functional, needs repair",1,2020-01-01T00:00:00.000,Fees collected – basis unknown,,Ministry of Water and Environment_Uganda_2009
749,"Ministry of Water and Environment, Uganda",2010-04-20T00:00:00.000,Yes,Deep borehole,,2000,,,,010-00425,UGA,Uganda,Northern,Borehole/Tubewell,Well,Hand Pump - Afridev,Improved,Other Institutional Management,"Functional, needs repair",1,2020-01-01T00:00:00.000,,,Ministry of Water and Environment_Uganda_2009
41,"Ministry of Water and Environment, Uganda",2010-04-29T00:00:00.000,Yes,Protected spring,,2004,,,,010-00382,UGA,Uganda,Northern,Protected Well,Well,,Improved,Community Management,"Functional, needs repair",1,2020-01-01T00:00:00.000,,,Ministry of Water and Environment_Uganda_2009
4667,"Ministry of Water and Environment, Uganda",2010-06-17T00:00:00.000,No,Protected spring,,1989,,,,010-00522,UGA,Uganda,Northern,Protected Well,Well,,Improved,Community Management,Non-Functional,1,2020-01-01T00:00:00.000,,,Ministry of Water and Environment_Uganda_2009
305,"Ministry of Water and Environment, Uganda",2010-04-29T00:00:00.000,Yes,Protected spring,,1999,,,,010-00401,UGA,Uganda,Northern,Protected Well,Well,,Improved,Community Management,"Functional, needs repair",1,2020-01-01T00:00:00.000,,,Ministry of Water and Environment_Uganda_2009
11164,Water For People,2005-09-07T00:00:00.000,Yes,,Protected Spring,,,,,,UGA,Uganda,Western,Protected Well,Well,,Improved,,Functional,1,2022-02-18T05:36:33.000,,,Water For People_Global_2017-2020
5088,"Ministry of Water and Environment, Uganda",2010-04-22T00:00:00.000,Yes,Protected spring,,1996,,,,010-00535,UGA,Uganda,Northern,Protected Well,Well,,Improved,Community Management,"Functional, needs repair",1,2020-01-01T00:00:00.000,,,Ministry of Water and Environment_Uganda_2009
3860,"Ministry of Water and Environment, Uganda",2010-04-21T00:00:00.000,Yes,Protected spring,,1997,,,,010-00511,UGA,Uganda,Northern,Protected Well,Well,,Improved,Community Management,"Functional, needs repair",1,2020-01-01T00:00:00.000,,,Ministry of Water and Environment_Uganda_2009
732,"Ministry of Water and Environment, Uganda",2010-04-20T00:00:00.000,Yes,Protected spring,,2000,,,,010-00423,UGA,Uganda,Northern,Protected Well,Well,,Improved,Community Management,"Functional, needs repair",1,2020-01-01T00:00:00.000,,,Ministry of Water and Environment_Uganda_2009
5964,"Ministry of Water and Environment, Uganda",2010-09-02T00:00:00.000,No,Deep borehole,,2005,,,,010-00541,UGA,Uganda,Northern,Borehole/Tubewell,Well,Hand Pump - Afridev,Improved,Community Management,Non-Functional,1,2020-01-01T00:00:00.000,,Bad color,Ministry of Water and Environment_Uganda_2009
569,"Ministry of Water and Environment, Uganda",2010-04-20T00:00:00.000,Yes,Protected spring,,2000,,,,010-00412,UGA,Uganda,Northern,Protected Well,Well,,Improved,Community Management,"Functional, needs repair",1,2020-01-01T00:00:00.000,,,Ministry of Water and Environment_Uganda_2009
83,"Ministry of Water and Environment, Uganda",2010-04-29T00:00:00.000,No,Protected spring,,1987,,,,010-00385,UGA,Uganda,Northern,Protected Well,Well,,Improved,Community Management,Non-Functional,1,2020-01-01T00:00:00.000,,,Ministry of Water and Environment_Uganda_2009
215,"Ministry of Water and Environment, Uganda",2010-04-29T00:00:00.000,Yes,Kiosk,,2005,,,,010-00394,UGA,Uganda,Northern,,,Kiosk,Improved,Other,"Functional, needs repair",1,2020-01-01T00:00:00.000,,,Ministry of Water and Environment_Uganda_2009
13415,Water For People,2005-09-07T00:00:00.000,Yes,,Protected Spring,,,,,,UGA,Uganda,Western,Protected Well,Well,,Improved,,Functional,1,2022-02-18T05:36:33.000,,,Water For People_Global_2017-2020
12534,Water For People,2018-03-02T00:00:00.000,Yes,,Protected Shallow Well,,,,,,UGA,Uganda,Western,Undefined Well,Well,,Unknown,,Functional,1,2022-02-18T05:36:33.000,,,Water For People_Global_2017-2020
2103,"Ministry of Water and Environment, Uganda",2010-04-20T00:00:00.000,Yes,Deep borehole,,1989,,,,010-00471,UGA,Uganda,Northern,Borehole/Tubewell,Well,Hand Pump - Afridev,Improved,Community Management,"Functional, needs repair",1,2020-01-01T00:00:00.000,Fees collected – basis unknown,,Ministry of Water and Environment_Uganda_2009
4688,"Ministry of Water and Environment, Uganda",2010-04-21T00:00:00.000,No,Protected spring,,1990,,,,010-00524,UGA,Uganda,Northern,Protected Well,Well,,Improved,Community Management,Non-Functional,1,2020-01-01T00:00:00.000,,,Ministry of Water and Environment_Uganda_2009
791,"Ministry of Water and Environment, Uganda",2010-04-21T00:00:00.000,Yes,Rainwater Harvest Tank,,1989,,,,010-00429,UGA,Uganda,Northern,Rainwater Harvesting,Rainwater Harvesting,,Improved,Other Institutional Management,"Functional, needs repair",1,2020-01-01T00:00:00.000,,,Ministry of Water and Environment_Uganda_2009
274,Water For People,2005-09-07T00:00:00.000,Yes,,Pumped Piped System|Public Stand Post,,,,,,UGA,Uganda,Western,Piped Water,Piped Water,Public Tapstand,Improved,,Functional,1,2022-02-18T05:36:33.000,,,Water For People_Global_2017-2020
5,"Ministry of Water and Environment, Uganda",2010-04-29T00:00:00.000,Yes,Deep borehole,,1996,,,,010-00377,UGA,Uganda,Northern,Borehole/Tubewell,Well,Hand Pump - Afridev,Improved,Community Management,"Functional, needs repair",1,2020-01-01T00:00:00.000,Fees collected – basis unknown,,Ministry of Water and Environment_Uganda_2009
137,"Ministry of Water and Environment, Uganda",2010-04-29T00:00:00.000,Yes,Protected spring,,1997,,,,010-00388,UGA,Uganda,Northern,Protected Well,Well,,Improved,Community Management,"Functional, needs repair",1,2020-01-01T00:00:00.000,,,Ministry of Water and Environment_Uganda_2009
3805,"Ministry of Water and Environment, Uganda",2010-06-17T00:00:00.000,Yes,Protected spring,,2008,,,,010-00510,UGA,Uganda,Northern,Protected Well,Well,,Improved,Community Management,"Functional, needs repair",1,2020-01-01T00:00:00.000,,,Ministry of Water and Environment_Uganda_2009
4969,"Ministry of Water and Environment, Uganda",2010-06-17T00:00:00.000,Yes,Protected spring,,2005,,,,010-00531,UGA,Uganda,Northern,Protected Well,Well,,Improved,Community Management,"Functional, needs repair",1,2020-01-01T00:00:00.000,,,Ministry of Water and Environment_Uganda_2009
3031,"Ministry of Water and Environment, Uganda",2010-04-22T00:00:00.000,Yes,Kiosk,,2005,,,,010-00492,UGA,Uganda,Northern,,,Kiosk,Improved,Community Management,"Functional, needs repair",1,2020-01-01T00:00:00.000,Fees collected – basis unknown,,Ministry of Water and Environment_Uganda_2009
797,"Ministry of Water and Environment, Uganda",2010-04-22T00:00:00.000,No,Rainwater Harvest Tank,,2009,,,,010-00430,UGA,Uganda,Northern,Rainwater Harvesting,Rainwater Harvesting,,Improved,Community Management,Non-Functional,1,2020-01-01T00:00:00.000,,,Ministry of Water and Environment_Uganda_2009
2242,"Ministry of Water and Environment, Uganda",2010-04-20T00:00:00.000,Yes,Protected spring,,2006,,,,010-00475,UGA,Uganda,Northern,Protected Well,Well,,Improved,Community Management,"Functional, needs repair",1,2020-01-01T00:00:00.000,,,Ministry of Water and Environment_Uganda_2009
2804,"Ministry of Water and Environment, Uganda",2010-04-21T00:00:00.000,Yes,Protected spring,,2005,,,,010-00484,UGA,Uganda,Northern,Protected Well,Well,,Improved,Community Management,"Functional, needs repair",1,2020-01-01T00:00:00.000,,,Ministry of Water and Environment_Uganda_2009
1020,"Ministry of Water and Environment, Uganda",2010-04-22T00:00:00.000,Yes,Protected spring,,2000,,,,010-00439,UGA,Uganda,Northern,Protected Well,Well,,Improved,Community Management,"Functional, needs repair",1,2020-01-01T00:00:00.000,,,Ministry of Water and Environment_Uganda_2009
1551,"Ministry of Water and Environment, Uganda",2010-04-20T00:00:00.000,Yes,Protected spring,,2000,,,,010-00456,UGA,Uganda,Northern,Protected Well,Well,,Improved,Community Management,"Functional, needs repair",1,2020-01-01T00:00:00.000,,,Ministry of Water and Environment_Uganda_2009
851,"Ministry of Water and Environment, Uganda",2010-04-22T00:00:00.000,Yes,Protected spring,,1991,,,,010-00435,UGA,Uganda,Northern,Protected Well,Well,,Improved,Community Management,"Functional, needs repair",1,2020-01-01T00:00:00.000,,,Ministry of Water and Environment_Uganda_2009
179,"Ministry of Water and Environment, Uganda",2010-04-29T00:00:00.000,Yes,Protected spring,,2006,,,,010-00392,UGA,Uganda,Northern,Protected Well,Well,,Improved,Community Management,"Functional, needs repair",1,2020-01-01T00:00:00.000,,,Ministry of Water and Environment_Uganda_2009
4548,"Ministry of Water and Environment, Uganda",2010-04-21T00:00:00.000,Yes,Protected spring,,1989,,,,010-00521,UGA,Uganda,Northern,Protected Well,Well,,Improved,Community Management,"Functional, needs repair",1,2020-01-01T00:00:00.000,,,Ministry of Water and Environment_Uganda_2009
216,"Ministry of Water and Environment, Uganda",2010-04-29T00:00:00.000,Yes,Deep borehole,,1998,,,,010-00395,UGA,Uganda,Northern,Borehole/Tubewell,Well,Hand Pump - Afridev,Improved,Community Management,"Functional, needs repair",1,2020-01-01T00:00:00.000,Fees collected – basis unknown,,Ministry of Water and Environment_Uganda_2009
640,"Ministry of Water and Environment, Uganda",2010-04-23T00:00:00.000,No,Deep borehole,,1959,,,,010-00415,UGA,Uganda,Northern,Borehole/Tubewell,Well,Hand Pump - Afridev,Improved,Community Management,Non-Functional,1,2020-01-01T00:00:00.000,Fees collected – basis unknown,,Ministry of Water and Environment_Uganda_2009
677,"Ministry of Water and Environment, Uganda",2010-04-21T00:00:00.000,Yes,Deep borehole,,1997,,,,010-00418,UGA,Uganda,Northern,Borehole/Tubewell,Well,Hand Pump - Afridev,Improved,Community Management,"Functional, needs repair",1,2020-01-01T00:00:00.000,,,Ministry of Water and Environment_Uganda_2009
8603,"Ministry of Water and Environment, Uganda",2010-04-29T00:00:00.000,Yes,Protected spring,,1999,,,,010-00729,UGA,Uganda,Northern,Protected Well,Well,,Improved,Community Management,"Functional, needs repair",1,2020-01-01T00:00:00.000,Fees collected – basis unknown,,Ministry of Water and Environment_Uganda_2009
10752,Water For People,2020-02-18T00:00:00.000,Yes,,Protected Shallow Well,,,,,,UGA,Uganda,Eastern,Undefined Well,Well,,Unknown,,Functional,1,2022-02-18T05:36:33.000,,,Water For People_Global_2017-2020
497,"Ministry of Water and Environment, Uganda",2010-04-29T00:00:00.000,No,Protected spring,,1991,,,,010-00409,UGA,Uganda,Northern,Protected Well,Well,,Improved,Community Management,Non-Functional,1,2020-01-01T00:00:00.000,,,Ministry of Water and Environment_Uganda_2009
455,"Ministry of Water and Environment, Uganda",2010-04-29T00:00:00.000,Yes,Protected spring,,2003,,,,010-00406,UGA,Uganda,Northern,Protected Well,Well,,Improved,Community Management,"Functional, needs repair",1,2020-01-01T00:00:00.000,,,Ministry of Water and Environment_Uganda_2009
233,"Ministry of Water and Environment, Uganda",2010-04-29T00:00:00.000,Yes,Protected spring,,2003,,,,010-00397,UGA,Uganda,Northern,Protected Well,Well,,Improved,Community Management,"Functional, needs repair",1,2020-01-01T00:00:00.000,Fees collected – basis unknown,,Ministry of Water and Environment_Uganda_2009
9425,"Ministry of Water and Environment, Uganda",2010-04-27T00:00:00.000,Yes,Protected spring,,1994,,,,010-00893,UGA,Uganda,Northern,Protected Well,Well,,Improved,Community Management,"Functional, needs repair",1,2020-01-01T00:00:00.000,,,Ministry of Water and Environment_Uganda_2009
12063,Water For People,2005-09-07T00:00:00.000,No,,Protected Deep Borehole,,,,,,UGA,Uganda,Western,Borehole/Tubewell,Well,,Improved,,Non-Functional,1,2022-02-18T05:36:33.000,,,Water For People_Global_2017-2020
11913,"Ministry of Water and Environment, Uganda",2010-05-08T00:00:00.000,No,Deep borehole,,2006,,,,072-00715,UGA,Uganda,Northern,Borehole/Tubewell,Well,Hand Pump - Afridev,Improved,Community Management,Non-Functional,1,2020-01-01T00:00:00.000,,,Ministry of Water and Environment_Uganda_2009
9034,"Ministry of Water and Environment, Uganda",2010-04-28T00:00:00.000,Yes,Deep borehole,,2004,,,,010-00823,UGA,Uganda,Northern,Borehole/Tubewell,Well,Hand Pump - Afridev,Improved,Community Management,"Functional, needs repair",1,2020-01-01T00:00:00.000,Fees collected – basis unknown,,Ministry of Water and Environment_Uganda_2009
12489,Water For People,2005-09-07T00:00:00.000,Yes,,Protected Shallow Well,,,,,,UGA,Uganda,Western,Undefined Well,Well,,Unknown,,Functional,1,2022-02-18T05:36:33.000,,,Water For People_Global_2017-2020
10277,"Ministry of Water and Environment, Uganda",2010-04-27T00:00:00.000,Yes,Rainwater Harvest Tank,,2007,,,,010-01078,UGA,Uganda,Northern,Rainwater Harvesting,Rainwater Harvesting,,Improved,Community Management,"Functional, needs repair",1,2020-01-01T00:00:00.000,,,Ministry of Water and Environment_Uganda_2009
10851,Water For People,2005-09-07T00:00:00.000,Yes,,Protected Shallow Well,,,,,,UGA,Uganda,Western,Undefined Well,Well,,Unknown,,Functional,1,2022-02-18T05:36:33.000,,,Water For People_Global_2017-2020
13240,Water For People,2005-09-07T00:00:00.000,Yes,,Gravity Fed System|Public Stand Post,,,,,,UGA,Uganda,Western,,,Public Tapstand,Improved,,Functional,1,2022-02-18T05:36:33.000,,,Water For People_Global_2017-2020
7815,"Ministry of Water and Environment, Uganda",2010-04-27T00:00:00.000,Yes,Deep borehole,,,,,,010-00577,UGA,Uganda,Northern,Borehole/Tubewell,Well,Hand Pump - Afridev,Improved,Community Management,"Functional, needs repair",1,2020-01-01T00:00:00.000,,,Ministry of Water and Environment_Uganda_2009
10287,"Ministry of Water and Environment, Uganda",2010-04-27T00:00:00.000,No,Public Stand Post,,2008,,,,010-01080,UGA,Uganda,Northern,,,Public Tapstand,Improved,Community Management,Non-Functional,1,2020-01-01T00:00:00.000,Fees collected – basis unknown,,Ministry of Water and Environment_Uganda_2009
10498,"Ministry of Water and Environment, Uganda",2010-04-29T00:00:00.000,Yes,Deep borehole,,1991,,,,010-00995,UGA,Uganda,Northern,Borehole/Tubewell,Well,Hand Pump - Afridev,Improved,Community Management,"Functional, needs repair",1,2020-01-01T00:00:00.000,Fees collected – basis unknown,,Ministry of Water and Environment_Uganda_2009
7873,Water For People,2019-03-16T00:00:00.000,Yes,,Protected Shallow Well,,,,,,UGA,Uganda,Western,Undefined Well,Well,,Unknown,,Functional,1,2022-02-18T05:36:33.000,,,Water For People_Global_2017-2020
6769,"Ministry of Water and Environment, Uganda",2010-04-28T00:00:00.000,Yes,Deep borehole,,1962,,,,010-00554,UGA,Uganda,Northern,Borehole/Tubewell,Well,Hand Pump - Afridev,Improved,Community Management,"Functional, needs repair",1,2020-01-01T00:00:00.000,Fees collected – basis unknown,,Ministry of Water and Environment_Uganda_2009
11492,"Ministry of Water and Environment, Uganda",2010-05-08T00:00:00.000,Yes,Deep borehole,,1995,,,,072-00652,UGA,Uganda,Northern,Borehole/Tubewell,Well,Hand Pump - Afridev,Improved,Community Management,"Functional, needs repair",1,2020-01-01T00:00:00.000,Fees collected – basis unknown,,Ministry of Water and Environment_Uganda_2009
8227,"Ministry of Water and Environment, Uganda",2010-04-28T00:00:00.000,No,Deep borehole,,1997,,,,010-00662,UGA,Uganda,Northern,Borehole/Tubewell,Well,Hand Pump - Afridev,Improved,Other Institutional Management,Non-Functional,1,2020-01-01T00:00:00.000,,,Ministry of Water and Environment_Uganda_2009
9457,"Ministry of Water and Environment, Uganda",2014-10-14T00:00:00.000,Yes,Deep borehole,,2014,,,,010-04981,UGA,Uganda,Northern,Borehole/Tubewell,Well,Hand Pump - Afridev,Improved,Community Management,"Functional, needs repair",1,2020-01-01T00:00:00.000,,,Ministry of Water and Environment_Uganda_2009
10409,Water For People,2005-09-07T00:00:00.000,No,,Protected Shallow Well,,,,,,UGA,Uganda,Western,Undefined Well,Well,,Unknown,,Non-Functional,1,2022-02-18T05:36:33.000,,,Water For People_Global_2017-2020
8745,Water For People,2005-09-07T00:00:00.000,No,,Protected Spring,,,,,,UGA,Uganda,Western,Protected Well,Well,,Improved,,Non-Functional,1,2022-02-18T05:36:33.000,,,Water For People_Global_2017-2020
10666,"Ministry of Water and Environment, Uganda",2010-04-29T00:00:00.000,Yes,Deep borehole,,1991,,,,010-01132,UGA,Uganda,Northern,Borehole/Tubewell,Well,Hand Pump - Afridev,Improved,Other Institutional Management,"Functional, needs repair",1,2020-01-01T00:00:00.000,,,Ministry of Water and Environment_Uganda_2009
11733,CARE-Uganda-Otuke,2015-02-02T00:00:00.000,Yes,,Borehole or tubewell,,,,,,UGA,Uganda,Central,Borehole/Tubewell,Well,,Improved,,Functional,1,2020-07-29T19:21:47.000,,,WPDx Reingestion_Global
10065,Water For People,2005-09-07T00:00:00.000,Yes,,Protected Shallow Well,,,,,,UGA,Uganda,Western,Undefined Well,Well,,Unknown,,Functional,1,2022-02-18T05:36:33.000,,,Water For People_Global_2017-2020
8171,"Ministry of Water and Environment, Uganda",2010-04-28T00:00:00.000,No,Protected spring,,1995,,,,010-00653,UGA,Uganda,Northern,Protected Well,Well,,Improved,Community Management,Non-Functional,1,2020-01-01T00:00:00.000,,,Ministry of Water and Environment_Uganda_2009
10202,"Ministry of Water and Environment, Uganda",2010-04-27T00:00:00.000,No,Shallow well,,2007,,,,010-01062,UGA,Uganda,Northern,Undefined Well,Well,,Unknown,Community Management,Non-Functional,1,2020-01-01T00:00:00.000,,,Ministry of Water and Environment_Uganda_2009
13116,"Ministry of Water and Environment, Uganda",2010-05-09T00:00:00.000,Yes,Protected spring,,1997,,,,072-00906,UGA,Uganda,Northern,Protected Well,Well,,Improved,Community Management,"Functional, needs repair",1,2020-01-01T00:00:00.000,,,Ministry of Water and Environment_Uganda_2009
9838,"Ministry of Water and Environment, Uganda",2010-04-22T00:00:00.000,Yes,Deep borehole,,1989,,,,010-00934,UGA,Uganda,Northern,Borehole/Tubewell,Well,Hand Pump - Afridev,Improved,Community Management,"Functional, needs repair",1,2020-01-01T00:00:00.000,Fees collected – basis unknown,,Ministry of Water and Environment_Uganda_2009
9571,"Ministry of Water and Environment, Uganda",2010-04-23T00:00:00.000,Yes,Deep borehole,,2007,,,,010-00968,UGA,Uganda,Northern,Borehole/Tubewell,Well,Hand Pump - Afridev,Improved,Community Management,"Functional, needs repair",1,2020-01-01T00:00:00.000,,,Ministry of Water and Environment_Uganda_2009
12687,Water For People,2019-03-18T00:00:00.000,No,,Gravity Fed system,,,,Present,,UGA,Uganda,Western,Surface Water (River/Stream/Lake/Pond/Dam),Surface Water,,No facilities,,Non-Functional,1,2022-02-18T05:36:33.000,,,Water For People_Global_2017-2020
9881,Water For People,2005-09-07T00:00:00.000,Yes,,Gravity Fed System|Public Stand Post,,,,,,UGA,Uganda,Western,,,Public Tapstand,Improved,,Functional,1,2022-02-18T05:36:33.000,,,Water For People_Global_2017-2020
7032,Water For People,2019-03-15T00:00:00.000,Yes,,Protected Shallow Well,,,,Present,,UGA,Uganda,Western,Undefined Well,Well,,Unknown,,Functional,1,2022-02-18T05:36:33.000,,,Water For People_Global_2017-2020
11794,"Ministry of Water and Environment, Uganda",2010-05-08T00:00:00.000,Yes,Deep borehole,,1992,,,,072-00700,UGA,Uganda,Northern,Borehole/Tubewell,Well,Hand Pump - Afridev,Improved,Community Management,"Functional, needs repair",1,2020-01-01T00:00:00.000,Fees collected – basis unknown,,Ministry of Water and Environment_Uganda_2009
12689,"Ministry of Water and Environment, Uganda",2010-05-09T00:00:00.000,No,Shallow well,,1994,,,,072-00831,UGA,Uganda,Northern,Undefined Well,Well,,Unknown,Community Management,Non-Functional,1,2020-01-01T00:00:00.000,,,Ministry of Water and Environment_Uganda_2009
8244,"Ministry of Water and Environment, Uganda",2010-04-28T00:00:00.000,Yes,Deep borehole,,1962,,,,010-00665,UGA,Uganda,Northern,Borehole/Tubewell,Well,Hand Pump - Afridev,Improved,Community Management,"Functional, needs repair",1,2020-01-01T00:00:00.000,Fees collected – basis unknown,,Ministry of Water and Environment_Uganda_2009
10267,Water For People,2005-09-07T00:00:00.000,Yes,,Pumped Piped System|Public Stand Post,,,,,,UGA,Uganda,Western,Piped Water,Piped Water,Public Tapstand,Improved,,Functional,1,2022-02-18T05:36:33.000,,,Water For People_Global_2017-2020
10234,Water For People,2020-02-14T00:00:00.000,No,,Protected Shallow Well,,,,,,UGA,Uganda,Eastern,Undefined Well,Well,,Unknown,,Non-Functional,1,2022-02-18T05:36:33.000,,,Water For People_Global_2017-2020
9191,Water For People,2018-02-28T00:00:00.000,Yes,,Protected Shallow Well,,,,Present,,UGA,Uganda,Western,Undefined Well,Well,,Unknown,,Functional,1,2022-02-18T05:36:33.000,,,Water For People_Global_2017-2020
8999,Water For People,2005-09-07T00:00:00.000,Yes,,Protected Shallow Well,,,,,,UGA,Uganda,Western,Undefined Well,Well,,Unknown,,Functional,1,2022-02-18T05:36:33.000,,,Water For People_Global_2017-2020
8963,"Ministry of Water and Environment, Uganda",2010-04-28T00:00:00.000,Yes,Protected spring,,1989,,,,010-00813,UGA,Uganda,Northern,Protected Well,Well,,Improved,Community Management,"Functional, needs repair",1,2020-01-01T00:00:00.000,,,Ministry of Water and Environment_Uganda_2009
12525,Water For People,2005-09-07T00:00:00.000,Yes,,Protected Shallow Well,,,,,,UGA,Uganda,Western,Undefined Well,Well,,Unknown,,Functional,1,2022-02-18T05:36:33.000,,,Water For People_Global_2017-2020
12182,Water For People,2018-03-02T00:00:00.000,Yes,,Gravity Fed System|Kiosk or Public stand Post,,,,,,UGA,Uganda,Western,,,Public Tapstand,Improved,,Functional,1,2022-02-18T05:36:33.000,,,Water For People_Global_2017-2020
13390,"Ministry of Water and Environment, Uganda",2010-05-08T00:00:00.000,No,Deep borehole,,1997,,,,072-00960,UGA,Uganda,Northern,Borehole/Tubewell,Well,Hand Pump - Afridev,Improved,Other,Non-Functional,1,2020-01-01T00:00:00.000,,,Ministry of Water and Environment_Uganda_2009
12667,"Ministry of Water and Environment, Uganda",2010-05-09T00:00:00.000,Yes,Shallow well,,2006,,,,072-00825,UGA,Uganda,Northern,Undefined Well,Well,,Unknown,Community Management,"Functional, needs repair",1,2020-01-01T00:00:00.000,Fees collected – basis unknown,,Ministry of Water and Environment_Uganda_2009
12970,"Ministry of Water and Environment, Uganda",2013-08-06T00:00:00.000,Yes,Deep borehole,,2013,,,,010-01933,UGA,Uganda,Northern,Borehole/Tubewell,Well,Hand Pump - Afridev,Improved,Community Management,"Functional, needs repair",1,2020-01-01T00:00:00.000,,,Ministry of Water and Environment_Uganda_2009
11281,Water For People,2005-09-07T00:00:00.000,Yes,,Protected Shallow Well,,,,,,UGA,Uganda,Western,Undefined Well,Well,,Unknown,,Functional,1,2022-02-18T05:36:33.000,,,Water For People_Global_2017-2020
8222,"Ministry of Water and Environment, Uganda",2010-04-28T00:00:00.000,No,Shallow well,,1997,,,,010-00661,UGA,Uganda,Northern,Undefined Well,Well,,Unknown,Other Institutional Management,Non-Functional,1,2020-01-01T00:00:00.000,,,Ministry of Water and Environment_Uganda_2009
8360,"Ministry of Water and Environment, Uganda",2010-04-28T00:00:00.000,Yes,Protected spring,,2000,,,,010-00687,UGA,Uganda,Northern,Protected Well,Well,,Improved,Community Management,"Functional, needs repair",1,2020-01-01T00:00:00.000,,,Ministry of Water and Environment_Uganda_2009
8354,"Ministry of Water and Environment, Uganda",2010-04-28T00:00:00.000,Yes,Protected spring,,1998,,,,010-00685,UGA,Uganda,Northern,Protected Well,Well,,Improved,Community Management,"Functional, needs repair",1,2020-01-01T00:00:00.000,Fees collected – basis unknown,,Ministry of Water and Environment_Uganda_2009
8684,"Ministry of Water and Environment, Uganda",2010-04-27T00:00:00.000,Yes,Protected spring,,1989,,,,010-00749,UGA,Uganda,Northern,Protected Well,Well,,Improved,Community Management,"Functional, needs repair",1,2020-01-01T00:00:00.000,,,Ministry of Water and Environment_Uganda_2009
7958,"Ministry of Water and Environment, Uganda",2010-04-28T00:00:00.000,Yes,Protected spring,,1993,,,,010-00599,UGA,Uganda,Northern,Protected Well,Well,,Improved,Community Management,"Functional, needs repair",1,2020-01-01T00:00:00.000,,,Ministry of Water and Environment_Uganda_2009
11308,Water For People,2019-03-16T00:00:00.000,Yes,,Pumped piped system,,,,Present,,UGA,Uganda,Western,Surface Water (River/Stream/Lake/Pond/Dam),Surface Water,,No facilities,,Functional,1,2022-02-18T05:36:33.000,,,Water For People_Global_2017-2020
8090,"Ministry of Water and Environment, Uganda",2010-04-28T00:00:00.000,No,Deep borehole,,1988,,,,010-00628,UGA,Uganda,Northern,Borehole/Tubewell,Well,Hand Pump - Afridev,Improved,Other Institutional Management,Non-Functional,1,2020-01-01T00:00:00.000,,,Ministry of Water and Environment_Uganda_2009
12461,Water For People,2005-09-07T00:00:00.000,Yes,,Protected Shallow Well,,,,,,UGA,Uganda,Western,Undefined Well,Well,,Unknown,,Functional,1,2022-02-18T05:36:33.000,,,Water For People_Global_2017-2020
13212,"Ministry of Water and Environment, Uganda",2010-05-09T00:00:00.000,Yes,Deep borehole,,1994,,,,072-00926,UGA,Uganda,Northern,Borehole/Tubewell,Well,Hand Pump - Afridev,Improved,Community Management,"Functional, needs repair",1,2020-01-01T00:00:00.000,Fees collected – basis unknown,,Ministry of Water and Environment_Uganda_2009
8654,"Ministry of Water and Environment, Uganda",2010-04-27T00:00:00.000,Yes,Deep borehole,,1989,,,,010-00741,UGA,Uganda,Northern,Borehole/Tubewell,Well,Hand Pump - Afridev,Improved,Community Management,"Functional, needs repair",1,2020-01-01T00:00:00.000,Fees collected – basis unknown,,Ministry of Water and Environment_Uganda_2009
10447,"Ministry of Water and Environment, Uganda",2010-04-27T00:00:00.000,Yes,Deep borehole,,1993,,,,010-01111,UGA,Uganda,Northern,Borehole/Tubewell,Well,Hand Pump - Afridev,Improved,Community Management,"Functional, needs repair",1,2020-01-01T00:00:00.000,Fees collected – basis unknown,,Ministry of Water and Environment_Uganda_2009
12546,"Ministry of Water and Environment, Uganda",2010-07-02T00:00:00.000,Yes,Deep borehole,,1994,,,,072-00809,UGA,Uganda,Northern,Borehole/Tubewell,Well,Hand Pump - Afridev,Improved,Community Management,"Functional, needs repair",1,2020-01-01T00:00:00.000,Fees collected – basis unknown,,Ministry of Water and Environment_Uganda_2009
12426,"Ministry of Water and Environment, Uganda",2010-05-08T00:00:00.000,No,Rainwater Harvest Tank,,1994,,,,072-00784,UGA,Uganda,Northern,Rainwater Harvesting,Rainwater Harvesting,,Improved,Other Institutional Management,Non-Functional,1,2020-01-01T00:00:00.000,,,Ministry of Water and Environment_Uganda_2009
12991,"Ministry of Water and Environment, Uganda",2010-05-09T00:00:00.000,Yes,Protected spring,,1998,,,,072-00878,UGA,Uganda,Northern,Protected Well,Well,,Improved,Community Management,"Functional, needs repair",1,2020-01-01T00:00:00.000,,,Ministry of Water and Environment_Uganda_2009
9139,Water For People,2005-09-07T00:00:00.000,Yes,,Protected Shallow Well,,,,,,UGA,Uganda,Western,Undefined Well,Well,,Unknown,,Functional,1,2022-02-18T05:36:33.000,,,Water For People_Global_2017-2020
10394,"Ministry of Water and Environment, Uganda",2010-04-27T00:00:00.000,Yes,Deep borehole,,1952,,,,010-01101,UGA,Uganda,Northern,Borehole/Tubewell,Well,Hand Pump - Afridev,Improved,Community Management,"Functional, needs repair",1,2020-01-01T00:00:00.000,,,Ministry of Water and Environment_Uganda_2009
10441,"Ministry of Water and Environment, Uganda",2010-04-27T00:00:00.000,Yes,Deep borehole,,1990,,,,010-01109,UGA,Uganda,Northern,Borehole/Tubewell,Well,Hand Pump - Afridev,Improved,Community Management,"Functional, needs repair",1,2020-01-01T00:00:00.000,Fees collected – basis unknown,,Ministry of Water and Environment_Uganda_2009
8713,"Ministry of Water and Environment, Uganda",2010-04-27T00:00:00.000,Yes,Protected spring,,1994,,,,010-00760,UGA,Uganda,Northern,Protected Well,Well,,Improved,Community Management,"Functional, needs repair",1,2020-01-01T00:00:00.000,,,Ministry of Water and Environment_Uganda_2009
8916,Water For People,2020-02-17T00:00:00.000,Yes,,Protected deep borehole,,,,,,UGA,Uganda,Eastern,Borehole/Tubewell,Well,,Improved,,Functional,1,2022-02-18T05:36:33.000,,,Water For People_Global_2017-2020
9380,"Ministry of Water and Environment, Uganda",2010-04-27T00:00:00.000,Yes,Protected spring,,2002,,,,010-00880,UGA,Uganda,Northern,Protected Well,Well,,Improved,Community Management,"Functional, needs repair",1,2020-01-01T00:00:00.000,Fees collected – basis unknown,,Ministry of Water and Environment_Uganda_2009
12980,"Ministry of Water and Environment, Uganda",2010-05-09T00:00:00.000,Yes,Shallow well,,2008,,,,072-00877,UGA,Uganda,Northern,Undefined Well,Well,,Unknown,Community Management,"Functional, needs repair",1,2020-01-01T00:00:00.000,Fees collected – basis unknown,,Ministry of Water and Environment_Uganda_2009
8328,Water For People,2018-03-01T00:00:00.000,Yes,,Pumped Piped System|Kiosk or Public stand Post,,,,Present,,UGA,Uganda,Western,Piped Water,Piped Water,Public Tapstand,Improved,,Functional,1,2022-02-18T05:36:33.000,,,Water For People_Global_2017-2020
8614,"Ministry of Water and Environment, Uganda",2010-04-29T00:00:00.000,Yes,Protected spring,,1995,,,,010-00731,UGA,Uganda,Northern,Protected Well,Well,,Improved,Community Management,"Functional, needs repair",1,2020-01-01T00:00:00.000,,,Ministry of Water and Environment_Uganda_2009
8521,Water For People,2018-03-01T00:00:00.000,Yes,,Gravity Fed System|Kiosk or Public stand Post,,,,Present,,UGA,Uganda,Western,,,Public Tapstand,Improved,,Functional,1,2022-02-18T05:36:33.000,,,Water For People_Global_2017-2020
10630,"Ministry of Water and Environment, Uganda",2011-09-05T00:00:00.000,Yes,Deep borehole,,2010,,,,010-01124,UGA,Uganda,Northern,Borehole/Tubewell,Well,Hand Pump - Afridev,Improved,Community Management,"Functional, needs repair",1,2020-01-01T00:00:00.000,Fees collected – basis unknown,,Ministry of Water and Environment_Uganda_2009
13568,"Ministry of Water and Environment, Uganda",2010-05-07T00:00:00.000,Yes,Deep borehole,,1990,,,,072-00996,UGA,Uganda,Northern,Borehole/Tubewell,Well,Hand Pump - Afridev,Improved,Community Management,"Functional, needs repair",1,2020-01-01T00:00:00.000,Fees collected – basis unknown,,Ministry of Water and Environment_Uganda_2009
12122,"Ministry of Water and Environment, Uganda",2010-05-08T00:00:00.000,No,Deep borehole,,1994,,,,072-00748,UGA,Uganda,Northern,Borehole/Tubewell,Well,Hand Pump - Afridev,Improved,Community Management,Non-Functional,1,2020-01-01T00:00:00.000,Fees collected – basis unknown,,Ministry of Water and Environment_Uganda_2009
9026,Water For People,2005-09-07T00:00:00.000,Yes,,Protected Spring,,,,,,UGA,Uganda,Western,Protected Well,Well,,Improved,,Functional,1,2022-02-18T05:36:33.000,,,Water For People_Global_2017-2020
10262,Water For People,2020-02-13T00:00:00.000,Yes,,Protected deep borehole,,,,Present,,UGA,Uganda,Eastern,Borehole/Tubewell,Well,,Improved,,Functional,1,2022-02-18T05:36:33.000,,,Water For People_Global_2017-2020
7926,Water For People,2005-09-07T00:00:00.000,Yes,,Protected Spring,,,,,,UGA,Uganda,Western,Protected Well,Well,,Improved,,Functional,1,2022-02-18T05:36:33.000,,,Water For People_Global_2017-2020
8899,"Ministry of Water and Environment, Uganda",2010-09-02T00:00:00.000,Yes,Public Stand Post,,,,,,010-00795,UGA,Uganda,Northern,,,Public Tapstand,Improved,Community Management,"Functional, needs repair",1,2020-01-01T00:00:00.000,Fees collected – basis unknown,,Ministry of Water and Environment_Uganda_2009
12048,"Ministry of Water and Environment, Uganda",2010-05-08T00:00:00.000,Yes,Deep borehole,,1984,,,,072-00733,UGA,Uganda,Northern,Borehole/Tubewell,Well,Hand Pump - Afridev,Improved,Other Institutional Management,"Functional, needs repair",1,2020-01-01T00:00:00.000,,,Ministry of Water and Environment_Uganda_2009
8799,"Ministry of Water and Environment, Uganda",2010-04-28T00:00:00.000,Yes,Deep borehole,,,,,,010-00777,UGA,Uganda,Northern,Borehole/Tubewell,Well,Hand Pump - Afridev,Improved,Community Management,"Functional, needs repair",1,2020-01-01T00:00:00.000,Fees collected – basis unknown,,Ministry of Water and Environment_Uganda_2009
8466,"Ministry of Water and Environment, Uganda",2010-04-28T00:00:00.000,Yes,Protected spring,,1998,,,,010-00704,UGA,Uganda,Northern,Protected Well,Well,,Improved,Community Management,"Functional, needs repair",1,2020-01-01T00:00:00.000,,,Ministry of Water and Environment_Uganda_2009
9953,Water For People,2020-02-18T00:00:00.000,Yes,,Protected deep borehole,,,,Present,,UGA,Uganda,Eastern,Borehole/Tubewell,Well,,Improved,,Functional,1,2022-02-18T05:36:33.000,,,Water For People_Global_2017-2020
12867,Water For People,2005-09-07T00:00:00.000,Yes,,Pumped Piped System|Public Stand Post,,,,,,UGA,Uganda,Western,Piped Water,Piped Water,Public Tapstand,Improved,,Functional,1,2022-02-18T05:36:33.000,,,Water For People_Global_2017-2020
7847,Water For People,2018-02-28T00:00:00.000,Yes,,Protected spring catchment,,,,,,UGA,Uganda,Western,Protected Well,Well,,Improved,,Functional,1,2022-02-18T05:36:33.000,,,Water For People_Global_2017-2020
12623,Water For People,2018-02-27T00:00:00.000,Yes,,Protected spring catchment,,,,Present,,UGA,Uganda,Western,Protected Well,Well,,Improved,,Functional,1,2022-02-18T05:36:33.000,,,Water For People_Global_2017-2020
11646,"Ministry of Water and Environment, Uganda",2010-05-08T00:00:00.000,Yes,Public Stand Post,,2005,,,,072-00676,UGA,Uganda,Northern,,,Public Tapstand,Improved,Community Management,"Functional, needs repair",1,2020-01-01T00:00:00.000,Fees collected – basis unknown,,Ministry of Water and Environment_Uganda_2009
8022,"Ministry of Water and Environment, Uganda",2010-04-28T00:00:00.000,Yes,Deep borehole,,2004,,,,010-00612,UGA,Uganda,Northern,Borehole/Tubewell,Well,Hand Pump - Afridev,Improved,Community Management,"Functional, needs repair",1,2020-01-01T00:00:00.000,,,Ministry of Water and Environment_Uganda_2009
9689,Water For People,2020-02-24T00:00:00.000,Yes,,Protected Spring,,,,,,UGA,Uganda,Eastern,Protected Well,Well,,Improved,,Functional,1,2022-02-18T05:36:33.000,,,Water For People_Global_2017-2020
9444,Water For People,2019-03-21T00:00:00.000,Yes,,Protected Shallow Well,,,,,,UGA,Uganda,Western,Undefined Well,Well,,Unknown,,Functional,1,2022-02-18T05:36:33.000,,,Water For People_Global_2017-2020
10795,Water For People,2005-09-07T00:00:00.000,No,,Protected Deep Borehole,,,,,,UGA,Uganda,Western,Borehole/Tubewell,Well,,Improved,,Non-Functional,1,2022-02-18T05:36:33.000,,,Water For People_Global_2017-2020
8994,Water For People,2018-03-01T00:00:00.000,Unknown,,Pumped Piped System|Kiosk or Public stand Post,,,,,,UGA,Uganda,Western,Piped Water,Piped Water,Public Tapstand,Improved,,Non-Functional,1,2022-02-18T05:36:33.000,,,Water For People_Global_2017-2020
12862,"Ministry of Water and Environment, Uganda",2010-05-09T00:00:00.000,Yes,Deep borehole,,1999,,,,072-00860,UGA,Uganda,Northern,Borehole/Tubewell,Well,Hand Pump - Afridev,Improved,Other Institutional Management,"Functional, needs repair",1,2020-01-01T00:00:00.000,,,Ministry of Water and Environment_Uganda_2009
9864,Water For People,2005-09-07T00:00:00.000,No,,Gravity Fed System|Public Stand Post,,,,,,UGA,Uganda,Western,,,Public Tapstand,Improved,,Non-Functional,1,2022-02-18T05:36:33.000,,,Water For People_Global_2017-2020
9351,"Ministry of Water and Environment, Uganda",2010-04-27T00:00:00.000,No,Protected spring,,1989,,,,010-00872,UGA,Uganda,Northern,Protected Well,Well,,Improved,Community Management,Non-Functional,1,2020-01-01T00:00:00.000,,,Ministry of Water and Environment_Uganda_2009
7973,Water For People,2005-09-07T00:00:00.000,Yes,,Protected Spring,,,,,,UGA,Uganda,Western,Protected Well,Well,,Improved,,Functional,1,2022-02-18T05:36:33.000,,,Water For People_Global_2017-2020
13200,Water For People,2020-02-17T00:00:00.000,Yes,,Pumped piped system,,,,Present,,UGA,Uganda,Eastern,Surface Water (River/Stream/Lake/Pond/Dam),Surface Water,,No facilities,,Functional,1,2022-02-18T05:36:33.000,,,Water For People_Global_2017-2020
12282,"Ministry of Water and Environment, Uganda",2010-05-08T00:00:00.000,Yes,Deep borehole,,1995,,,,072-00768,UGA,Uganda,Northern,Borehole/Tubewell,Well,Hand Pump - Afridev,Improved,Community Management,"Functional, needs repair",1,2020-01-01T00:00:00.000,Fees collected – basis unknown,,Ministry of Water and Environment_Uganda_2009
13202,"Ministry of Water and Environment, Uganda",2010-05-09T00:00:00.000,Yes,Public Stand Post,,2009,,,,072-00923,UGA,Uganda,Northern,,,Public Tapstand,Improved,Other Institutional Management,"Functional, not in use",1,2020-01-01T00:00:00.000,,Acceptable quality,Ministry of Water and Environment_Uganda_2009
10316,"Ministry of Water and Environment, Uganda",2010-04-27T00:00:00.000,Yes,Deep borehole,,2009,,,,010-01085,UGA,Uganda,Northern,Borehole/Tubewell,Well,Hand Pump - Afridev,Improved,Community Management,"Functional, needs repair",1,2020-01-01T00:00:00.000,Fees collected – basis unknown,,Ministry of Water and Environment_Uganda_2009
9075,"Ministry of Water and Environment, Uganda",2010-04-29T00:00:00.000,Yes,Protected spring,,2005,,,,010-00829,UGA,Uganda,Northern,Protected Well,Well,,Improved,Community Management,"Functional, needs repair",1,2020-01-01T00:00:00.000,Fees collected – basis unknown,,Ministry of Water and Environment_Uganda_2009
12197,Water For People,2005-09-07T00:00:00.000,Yes,,Protected Shallow Well,,,,,,UGA,Uganda,Western,Undefined Well,Well,,Unknown,,Functional,1,2022-02-18T05:36:33.000,,,Water For People_Global_2017-2020
12727,Water For People,2005-09-07T00:00:00.000,No,,Gravity Fed System|Public Stand Post,,,,,,UGA,Uganda,Western,,,Public Tapstand,Improved,,Non-Functional,1,2022-02-18T05:36:33.000,,,Water For People_Global_2017-2020
8132,"Ministry of Water and Environment, Uganda",2010-04-28T00:00:00.000,Yes,Public Stand Post,,2003,,,,010-00641,UGA,Uganda,Northern,,,Public Tapstand,Improved,Community Management,"Functional, needs repair",1,2020-01-01T00:00:00.000,,,Ministry of Water and Environment_Uganda_2009
13657,"Ministry of Water and Environment, Uganda",2010-05-08T00:00:00.000,Yes,Rainwater Harvest Tank,,,,,,072-01006,UGA,Uganda,Northern,Rainwater Harvesting,Rainwater Harvesting,,Improved,Other Institutional Management,"Functional, needs repair",1,2020-01-01T00:00:00.000,,,Ministry of Water and Environment_Uganda_2009
12742,"Ministry of Water and Environment, Uganda",2010-05-09T00:00:00.000,Yes,Protected spring,,,,,,072-00839,UGA,Uganda,Northern,Protected Well,Well,,Improved,Community Management,"Functional, needs repair",1,2020-01-01T00:00:00.000,Fees collected – basis unknown,,Ministry of Water and Environment_Uganda_2009
12386,"Ministry of Water and Environment, Uganda",2010-07-02T00:00:00.000,Yes,Deep borehole,,1995,,,,072-00782,UGA,Uganda,Northern,Borehole/Tubewell,Well,Hand Pump - Afridev,Improved,Community Management,"Functional, needs repair",1,2020-01-01T00:00:00.000,Fees collected – basis unknown,,Ministry of Water and Environment_Uganda_2009
12830,Water For People,2005-09-07T00:00:00.000,Yes,,Protected Spring,,,,,,UGA,Uganda,Western,Protected Well,Well,,Improved,,Functional,1,2022-02-18T05:36:33.000,,,Water For People_Global_2017-2020
8518,"Ministry of Water and Environment, Uganda",2010-04-29T00:00:00.000,Yes,Protected spring,,1998,,,,010-00715,UGA,Uganda,Northern,Protected Well,Well,,Improved,Community Management,"Functional, needs repair",1,2020-01-01T00:00:00.000,,,Ministry of Water and Environment_Uganda_2009
11809,"Ministry of Water and Environment, Uganda",2010-05-08T00:00:00.000,Yes,Shallow well,,2002,,,,072-00703,UGA,Uganda,Northern,Undefined Well,Well,,Unknown,Community Management,"Functional, needs repair",1,2020-01-01T00:00:00.000,Fees collected – basis unknown,,Ministry of Water and Environment_Uganda_2009
9902,"Ministry of Water and Environment, Uganda",2010-04-23T00:00:00.000,Yes,Deep borehole,,1957,,,,010-00948,UGA,Uganda,Northern,Borehole/Tubewell,Well,Hand Pump - Afridev,Improved,Community Management,"Functional, needs repair",1,2020-01-01T00:00:00.000,,,Ministry of Water and Environment_Uganda_2009
10619,"Ministry of Water and Environment, Uganda",2010-04-29T00:00:00.000,Yes,Deep borehole,,2009,,,,010-01122,UGA,Uganda,Northern,Borehole/Tubewell,Well,Hand Pump - Afridev,Improved,Community Management,"Functional, needs repair",1,2020-01-01T00:00:00.000,,,Ministry of Water and Environment_Uganda_2009
13586,"Ministry of Water and Environment, Uganda",2010-05-07T00:00:00.000,Yes,Deep borehole,,1995,,,,072-00999,UGA,Uganda,Northern,Borehole/Tubewell,Well,Hand Pump - Afridev,Improved,Community Management,"Functional, needs repair",1,2020-01-01T00:00:00.000,Fees collected – basis unknown,,Ministry of Water and Environment_Uganda_2009
11018,Water For People,2005-09-07T00:00:00.000,No,,Protected Shallow Well,,,,,,UGA,Uganda,Western,Undefined Well,Well,,Unknown,,Non-Functional,1,2022-02-18T05:36:33.000,,,Water For People_Global_2017-2020
9258,"Ministry of Water and Environment, Uganda",2010-04-28T00:00:00.000,Yes,Protected spring,,2000,,,,010-00857,UGA,Uganda,Northern,Protected Well,Well,,Improved,Community Management,"Functional, needs repair",1,2020-01-01T00:00:00.000,,,Ministry of Water and Environment_Uganda_2009
11641,"Ministry of Water and Environment, Uganda",2010-05-08T00:00:00.000,Yes,Public Stand Post,,2005,,,,072-00675,UGA,Uganda,Northern,,,Public Tapstand,Improved,Community Management,"Functional, needs repair",1,2020-01-01T00:00:00.000,Fees collected – basis unknown,,Ministry of Water and Environment_Uganda_2009
8096,"Ministry of Water and Environment, Uganda",2010-09-29T00:00:00.000,Yes,Protected spring,,2010,,,,010-00630,UGA,Uganda,Northern,Protected Well,Well,,Improved,Community Management,"Functional, needs repair",1,2020-01-01T00:00:00.000,,,Ministry of Water and Environment_Uganda_2009
10812,Water For People,2019-03-20T00:00:00.000,No,,Protected Shallow Well,,,,,,UGA,Uganda,Western,Undefined Well,Well,,Unknown,,Non-Functional,1,2022-02-18T05:36:33.000,,,Water For People_Global_2017-2020
13006,"Ministry of Water and Environment, Uganda",2010-05-09T00:00:00.000,Yes,Protected spring,,2002,,,,072-00881,UGA,Uganda,Northern,Protected Well,Well,,Improved,Community Management,"Functional, needs repair",1,2020-01-01T00:00:00.000,,,Ministry of Water and Environment_Uganda_2009
11752,"Ministry of Water and Environment, Uganda",2010-05-08T00:00:00.000,Yes,Deep borehole,,2007,,,,072-00693,UGA,Uganda,Northern,Borehole/Tubewell,Well,Hand Pump - Afridev,Improved,Community Management,"Functional, needs repair",1,2020-01-01T00:00:00.000,Fees collected – basis unknown,,Ministry of Water and Environment_Uganda_2009
7841,Water For People,2005-09-07T00:00:00.000,Yes,,Protected Spring,,,,,,UGA,Uganda,Western,Protected Well,Well,,Improved,,Functional,1,2022-02-18T05:36:33.000,,,Water For People_Global_2017-2020
7890,Water For People,2005-09-07T00:00:00.000,Yes,,Pumped Piped System|Public Stand Post,,,,,,UGA,Uganda,Western,Piped Water,Piped Water,Public Tapstand,Improved,,Functional,1,2022-02-18T05:36:33.000,,,Water For People_Global_2017-2020
10936,"Ministry of Water and Environment, Uganda",2010-09-29T00:00:00.000,Yes,Deep borehole,,2009,,,,010-01175,UGA,Uganda,Northern,Borehole/Tubewell,Well,Hand Pump - Afridev,Improved,Community Management,"Functional, needs repair",1,2020-01-01T00:00:00.000,Fees collected – basis unknown,,Ministry of Water and Environment_Uganda_2009
10509,"Ministry of Water and Environment, Uganda",2010-04-29T00:00:00.000,Yes,Deep borehole,,1992,,,,010-00997,UGA,Uganda,Northern,Borehole/Tubewell,Well,Hand Pump - Afridev,Improved,Community Management,"Functional, needs repair",1,2020-01-01T00:00:00.000,Fees collected – basis unknown,,Ministry of Water and Environment_Uganda_2009
9421,Water For People,2019-03-20T00:00:00.000,Yes,,Protected deep borehole,,,,,,UGA,Uganda,Western,Borehole/Tubewell,Well,,Improved,,Functional,1,2022-02-18T05:36:33.000,,,Water For People_Global_2017-2020
11524,"Ministry of Water and Environment, Uganda",2010-09-28T00:00:00.000,Yes,Deep borehole,,2010,,,,072-00656,UGA,Uganda,Northern,Borehole/Tubewell,Well,Hand Pump - Afridev,Improved,Other Institutional Management,"Functional, needs repair",1,2020-01-01T00:00:00.000,Fees collected – basis unknown,,Ministry of Water and Environment_Uganda_2009
12805,"Ministry of Water and Environment, Uganda",2010-05-09T00:00:00.000,Yes,Protected spring,,1994,,,,072-00851,UGA,Uganda,Northern,Protected Well,Well,,Improved,Community Management,"Functional, needs repair",1,2020-01-01T00:00:00.000,,,Ministry of Water and Environment_Uganda_2009
13375,"Ministry of Water and Environment, Uganda",2010-05-08T00:00:00.000,No,Deep borehole,,2007,,,,072-00958,UGA,Uganda,Northern,Borehole/Tubewell,Well,Hand Pump - Afridev,Improved,Community Management,Non-Functional,1,2020-01-01T00:00:00.000,Fees collected – basis unknown,,Ministry of Water and Environment_Uganda_2009
9934,"Ministry of Water and Environment, Uganda",2010-04-22T00:00:00.000,Yes,Rainwater Harvest Tank,,2009,,,,010-00973,UGA,Uganda,Northern,Rainwater Harvesting,Rainwater Harvesting,,Improved,Other Institutional Management,"Functional, needs repair",1,2020-01-01T00:00:00.000,,,Ministry of Water and Environment_Uganda_2009
12218,"Ministry of Water and Environment, Uganda",2010-05-08T00:00:00.000,No,Deep borehole,,1995,,,,072-00761,UGA,Uganda,Northern,Borehole/Tubewell,Well,Hand Pump - Afridev,Improved,Community Management,Non-Functional,1,2020-01-01T00:00:00.000,,,Ministry of Water and Environment_Uganda_2009
8075,Water For People,2005-09-07T00:00:00.000,Yes,,Protected Deep Borehole,,,,,,UGA,Uganda,Western,Borehole/Tubewell,Well,,Improved,,Functional,1,2022-02-18T05:36:33.000,,,Water For People_Global_2017-2020
11037,Water For People,2020-02-24T00:00:00.000,Yes,,Protected deep borehole,,,,,,UGA,Uganda,Eastern,Borehole/Tubewell,Well,,Improved,,Functional,1,2022-02-18T05:36:33.000,,,Water For People_Global_2017-2020
9843,"Ministry of Water and Environment, Uganda",2010-04-22T00:00:00.000,No,Rainwater Harvest Tank,,2007,,,,010-00935,UGA,Uganda,Northern,Rainwater Harvesting,Rainwater Harvesting,,Improved,Other Institutional Management,Non-Functional,1,2020-01-01T00:00:00.000,,,Ministry of Water and Environment_Uganda_2009
9833,"Ministry of Water and Environment, Uganda",2010-04-22T00:00:00.000,Yes,Rainwater Harvest Tank,,2009,,,,010-00933,UGA,Uganda,Northern,Rainwater Harvesting,Rainwater Harvesting,,Improved,Other Institutional Management,"Functional, needs repair",1,2020-01-01T00:00:00.000,,,Ministry of Water and Environment_Uganda_2009
9453,"Ministry of Water and Environment, Uganda",2014-10-14T00:00:00.000,Yes,Deep borehole,,2014,,,,010-03624,UGA,Uganda,Northern,Borehole/Tubewell,Well,Hand Pump - Afridev,Improved,Other Institutional Management,"Functional, needs repair",1,2020-01-01T00:00:00.000,Fees collected – basis unknown,,Ministry of Water and Environment_Uganda_2009
10822,Water For People,2005-09-07T00:00:00.000,Yes,,Protected Shallow Well,,,,,,UGA,Uganda,Western,Undefined Well,Well,,Unknown,,Functional,1,2022-02-18T05:36:33.000,,,Water For People_Global_2017-2020
11143,"Ministry of Water and Environment, Uganda",2010-04-24T00:00:00.000,Yes,Deep borehole,,1997,,,,010-01222,UGA,Uganda,Northern,Borehole/Tubewell,Well,Hand Pump - Afridev,Improved,Community Management,"Functional, not in use",1,2020-01-01T00:00:00.000,Fees collected – basis unknown,,Ministry of Water and Environment_Uganda_2009
13343,Water For People,2019-03-20T00:00:00.000,Yes,,Pumped piped system,,,,,,UGA,Uganda,Western,Surface Water (River/Stream/Lake/Pond/Dam),Surface Water,,No facilities,,Functional,1,2022-02-18T05:36:33.000,,,Water For People_Global_2017-2020
8160,"Ministry of Water and Environment, Uganda",2010-04-28T00:00:00.000,Yes,Deep borehole,,1994,,,,010-00649,UGA,Uganda,Northern,Borehole/Tubewell,Well,Hand Pump - Afridev,Improved,Community Management,"Functional, needs repair",1,2020-01-01T00:00:00.000,,,Ministry of Water and Environment_Uganda_2009
12310,"Ministry of Water and Environment, Uganda",2010-05-08T00:00:00.000,No,Deep borehole,,1995,,,,072-00771,UGA,Uganda,Northern,Borehole/Tubewell,Well,Hand Pump - Afridev,Improved,Community Management,Non-Functional,1,2020-01-01T00:00:00.000,,,Ministry of Water and Environment_Uganda_2009
8439,Water For People,2005-09-07T00:00:00.000,No,,Gravity Fed System|Public Stand Post,,,,,,UGA,Uganda,Western,,,Public Tapstand,Improved,,Non-Functional,1,2022-02-18T05:36:33.000,,,Water For People_Global_2017-2020
9736,Water For People,2019-03-19T00:00:00.000,Yes,,Protected Spring,,,,,,UGA,Uganda,Western,Protected Well,Well,,Improved,,Functional,1,2022-02-18T05:36:33.000,,,Water For People_Global_2017-2020
12650,Water For People,2019-03-15T00:00:00.000,No,,Protected deep borehole,,,,,,UGA,Uganda,Western,Borehole/Tubewell,Well,,Improved,,Non-Functional,1,2022-02-18T05:36:33.000,,,Water For People_Global_2017-2020
13069,"Ministry of Water and Environment, Uganda",2010-05-09T00:00:00.000,Yes,Shallow well,,2003,,,,072-00896,UGA,Uganda,Northern,Undefined Well,Well,,Unknown,Community Management,"Functional, needs repair",1,2020-01-01T00:00:00.000,,,Ministry of Water and Environment_Uganda_2009
10052,"Ministry of Water and Environment, Uganda",2010-06-17T00:00:00.000,No,Deep borehole,,2006,,,,010-01014,UGA,Uganda,Northern,Borehole/Tubewell,Well,Hand Pump - Afridev,Improved,Community Management,Non-Functional,1,2020-01-01T00:00:00.000,Fees collected – basis unknown,,Ministry of Water and Environment_Uganda_2009
9448,"Ministry of Water and Environment, Uganda",2014-10-14T00:00:00.000,Yes,Deep borehole,,2014,,,,010-03108,UGA,Uganda,Northern,Borehole/Tubewell,Well,Hand Pump - Afridev,Improved,Community Management,"Functional, needs repair",1,2020-01-01T00:00:00.000,Fees collected – basis unknown,,Ministry of Water and Environment_Uganda_2009
10932,Water For People,2019-03-14T00:00:00.000,Yes,,Gravity Fed system,,,,Present,,UGA,Uganda,Western,Surface Water (River/Stream/Lake/Pond/Dam),Surface Water,,No facilities,,Functional,1,2022-02-18T05:36:33.000,,,Water For People_Global_2017-2020
9579,Water For People,2005-09-07T00:00:00.000,No,,Protected Spring,,,,,,UGA,Uganda,Western,Protected Well,Well,,Improved,,Non-Functional,1,2022-02-18T05:36:33.000,,,Water For People_Global_2017-2020
13500,"Ministry of Water and Environment, Uganda",2014-10-14T00:00:00.000,Yes,Deep borehole,,2014,,,,010-04108,UGA,Uganda,Northern,Borehole/Tubewell,Well,Hand Pump - Afridev,Improved,Community Management,"Functional, needs repair",1,2020-01-01T00:00:00.000,,,Ministry of Water and Environment_Uganda_2009
8720,"Ministry of Water and Environment, Uganda",2010-04-27T00:00:00.000,Yes,Shallow well,,2005,,,,010-00762,UGA,Uganda,Northern,Undefined Well,Well,,Unknown,Community Management,"Functional, needs repair",1,2020-01-01T00:00:00.000,Fees collected – basis unknown,,Ministry of Water and Environment_Uganda_2009
8852,"Ministry of Water and Environment, Uganda",2010-04-28T00:00:00.000,Yes,Rainwater Harvest Tank,,1998,,,,010-00786,UGA,Uganda,Northern,Rainwater Harvesting,Rainwater Harvesting,,Improved,Other Institutional Management,"Functional, needs repair",1,2020-01-01T00:00:00.000,,,Ministry of Water and Environment_Uganda_2009
12493,"Ministry of Water and Environment, Uganda",2010-05-08T00:00:00.000,Yes,Deep borehole,,1995,,,,072-00795,UGA,Uganda,Northern,Borehole/Tubewell,Well,Hand Pump - Afridev,Improved,Community Management,"Functional, needs repair",1,2020-01-01T00:00:00.000,Fees collected – basis unknown,,Ministry of Water and Environment_Uganda_2009
13059,"Ministry of Water and Environment, Uganda",2010-05-09T00:00:00.000,Yes,Protected spring,,1994,,,,072-00895,UGA,Uganda,Northern,Protected Well,Well,,Improved,Community Management,"Functional, needs repair",1,2020-01-01T00:00:00.000,,,Ministry of Water and Environment_Uganda_2009
11661,Water For People,2005-09-07T00:00:00.000,Yes,,Protected Shallow Well,,,,,,UGA,Uganda,Western,Undefined Well,Well,,Unknown,,Functional,1,2022-02-18T05:36:33.000,,,Water For People_Global_2017-2020
11042,Water For People,2018-03-02T00:00:00.000,Yes,,Protected deep borehole,,,,,,UGA,Uganda,Western,Borehole/Tubewell,Well,,Improved,,Functional,1,2022-02-18T05:36:33.000,,,Water For People_Global_2017-2020
12105,"Ministry of Water and Environment, Uganda",2010-05-08T00:00:00.000,Yes,Protected spring,,2005,,,,072-00745,UGA,Uganda,Northern,Protected Well,Well,,Improved,Community Management,"Functional, needs repair",1,2020-01-01T00:00:00.000,,,Ministry of Water and Environment_Uganda_2009
12919,"Ministry of Water and Environment, Uganda",2010-05-09T00:00:00.000,No,Deep borehole,,2007,,,,072-00868,UGA,Uganda,Northern,Borehole/Tubewell,Well,Hand Pump - Afridev,Improved,Community Management,Non-Functional,1,2020-01-01T00:00:00.000,Fees collected – basis unknown,,Ministry of Water and Environment_Uganda_2009
10097,"Ministry of Water and Environment, Uganda",2010-04-30T00:00:00.000,Yes,Deep borehole,,2008,,,,010-01024,UGA,Uganda,Northern,Borehole/Tubewell,Well,Hand Pump - Afridev,Improved,Community Management,"Functional, needs repair",1,2020-01-01T00:00:00.000,Fees collected – basis unknown,,Ministry of Water and Environment_Uganda_2009
10968,Water For People,2019-03-15T00:00:00.000,Yes,,Protected Spring,,,,,,UGA,Uganda,Western,Protected Well,Well,,Improved,,Functional,1,2022-02-18T05:36:33.000,,,Water For People_Global_2017-2020
12482,"Ministry of Water and Environment, Uganda",2010-05-08T00:00:00.000,Yes,Deep borehole,,1995,,,,072-00792,UGA,Uganda,Northern,Borehole/Tubewell,Well,Hand Pump - Afridev,Improved,Community Management,"Functional, not in use",1,2020-01-01T00:00:00.000,Fees collected – basis unknown,,Ministry of Water and Environment_Uganda_2009
9031,Water For People,2005-09-07T00:00:00.000,Yes,,Protected Spring,,,,,,UGA,Uganda,Western,Protected Well,Well,,Improved,,Functional,1,2022-02-18T05:36:33.000,,,Water For People_Global_2017-2020
13551,"Ministry of Water and Environment, Uganda",2010-05-07T00:00:00.000,No,Protected spring,,1998,,,,072-00993,UGA,Uganda,Northern,Protected Well,Well,,Improved,Community Management,Non-Functional,1,2020-01-01T00:00:00.000,,,Ministry of Water and Environment_Uganda_2009
8572,"Ministry of Water and Environment, Uganda",2010-04-29T00:00:00.000,No,Protected spring,,1990,,,,010-00724,UGA,Uganda,Northern,Protected Well,Well,,Improved,Community Management,Non-Functional,1,2020-01-01T00:00:00.000,,,Ministry of Water and Environment_Uganda_2009
9657,"Ministry of Water and Environment, Uganda",2010-04-24T00:00:00.000,Yes,Rainwater Harvest Tank,,2008,,,,010-01241,UGA,Uganda,Northern,Rainwater Harvesting,Rainwater Harvesting,,Improved,Other Institutional Management,"Functional, needs repair",1,2020-01-01T00:00:00.000,,,Ministry of Water and Environment_Uganda_2009
8392,Water For People,2020-02-22T00:00:00.000,No,,Gravity Fed system,,,,Present,,UGA,Uganda,Eastern,Surface Water (River/Stream/Lake/Pond/Dam),Surface Water,,No facilities,,Non-Functional,1,2022-02-18T05:36:33.000,,,Water For People_Global_2017-2020
8863,"Ministry of Water and Environment, Uganda",2010-04-28T00:00:00.000,No,Protected spring,,1999,,,,010-00789,UGA,Uganda,Northern,Protected Well,Well,,Improved,Community Management,Non-Functional,1,2020-01-01T00:00:00.000,,,Ministry of Water and Environment_Uganda_2009
9818,Water For People,2005-09-07T00:00:00.000,Yes,,Protected Shallow Well,,,,,,UGA,Uganda,Western,Undefined Well,Well,,Unknown,,Functional,1,2022-02-18T05:36:33.000,,,Water For People_Global_2017-2020
8165,"Ministry of Water and Environment, Uganda",2010-06-17T00:00:00.000,Yes,Protected spring,,1995,,,,010-00651,UGA,Uganda,Northern,Protected Well,Well,,Improved,Community Management,"Functional, needs repair",1,2020-01-01T00:00:00.000,Fees collected – basis unknown,,Ministry of Water and Environment_Uganda_2009
13592,"Ministry of Water and Environment, Uganda",2010-05-07T00:00:00.000,Yes,Deep borehole,,1940,,,,072-01001,UGA,Uganda,Northern,Borehole/Tubewell,Well,Hand Pump - Afridev,Improved,Community Management,"Functional, needs repair",1,2020-01-01T00:00:00.000,Fees collected – basis unknown,,Ministry of Water and Environment_Uganda_2009
11565,"Ministry of Water and Environment, Uganda",2010-07-19T00:00:00.000,No,Rainwater Harvest Tank,,2006,,,,072-00662,UGA,Uganda,Northern,Rainwater Harvesting,Rainwater Harvesting,,Improved,Other Institutional Management,Non-Functional,1,2020-01-01T00:00:00.000,,,Ministry of Water and Environment_Uganda_2009
10698,"Ministry of Water and Environment, Uganda",2011-09-05T00:00:00.000,Yes,Deep borehole,,2010,,,,010-01140,UGA,Uganda,Northern,Borehole/Tubewell,Well,Hand Pump - Afridev,Improved,Community Management,"Functional, needs repair",1,2020-01-01T00:00:00.000,,,Ministry of Water and Environment_Uganda_2009
9885,"Ministry of Water and Environment, Uganda",2010-07-02T00:00:00.000,Yes,Deep borehole,,2009,,,,010-00945,UGA,Uganda,Northern,Borehole/Tubewell,Well,Hand Pump - Afridev,Improved,Community Management,"Functional, needs repair",1,2020-01-01T00:00:00.000,Fees collected – basis unknown,,Ministry of Water and Environment_Uganda_2009
8984,"Ministry of Water and Environment, Uganda",2010-04-28T00:00:00.000,Yes,Shallow well,,1990,,,,010-00818,UGA,Uganda,Northern,Undefined Well,Well,,Unknown,Community Management,"Functional, needs repair",1,2020-01-01T00:00:00.000,,,Ministry of Water and Environment_Uganda_2009
13163,Water For People,2020-02-21T00:00:00.000,Yes,,Protected deep borehole,,,,Present,,UGA,Uganda,Eastern,Borehole/Tubewell,Well,,Improved,,Functional,1,2022-02-18T05:36:33.000,,,Water For People_Global_2017-2020
9305,"Ministry of Water and Environment, Uganda",2010-04-28T00:00:00.000,Yes,Protected spring,,2008,,,,010-00864,UGA,Uganda,Northern,Protected Well,Well,,Improved,Community Management,"Functional, needs repair",1,2020-01-01T00:00:00.000,,,Ministry of Water and Environment_Uganda_2009
11582,Water For People,2005-09-07T00:00:00.000,No,,Gravity Fed System|Public Stand Post,,,,,,UGA,Uganda,Western,,,Public Tapstand,Improved,,Non-Functional,1,2022-02-18T05:36:33.000,,,Water For People_Global_2017-2020
13208,"Ministry of Water and Environment, Uganda",2010-05-09T00:00:00.000,Yes,Shallow well,,2003,,,,072-00924,UGA,Uganda,Northern,Undefined Well,Well,,Unknown,Community Management,"Functional, needs repair",1,2020-01-01T00:00:00.000,Fees collected – basis unknown,,Ministry of Water and Environment_Uganda_2009
9981,"Ministry of Water and Environment, Uganda",2010-04-23T00:00:00.000,Yes,Deep borehole,,2009,,,,010-00980,UGA,Uganda,Northern,Borehole/Tubewell,Well,Hand Pump - Afridev,Improved,Community Management,"Functional, needs repair",1,2020-01-01T00:00:00.000,Fees collected – basis unknown,,Ministry of Water and Environment_Uganda_2009
13281,"Ministry of Water and Environment, Uganda",2010-05-07T00:00:00.000,No,Deep borehole,,1996,,,,072-00941,UGA,Uganda,Northern,Borehole/Tubewell,Well,Hand Pump - Afridev,Improved,Community Management,Non-Functional,1,2020-01-01T00:00:00.000,,,Ministry of Water and Environment_Uganda_2009
10299,"Ministry of Water and Environment, Uganda",2010-04-27T00:00:00.000,Yes,Valley Tank,,2003,,,,010-01082,UGA,Uganda,Northern,,,,Unknown,Community Management,"Functional, needs repair",1,2020-01-01T00:00:00.000,,,Ministry of Water and Environment_Uganda_2009
10121,"Ministry of Water and Environment, Uganda",2010-04-27T00:00:00.000,Yes,Shallow well,,2007,,,,010-01043,UGA,Uganda,Northern,Undefined Well,Well,,Unknown,Community Management,"Functional, needs repair",1,2020-01-01T00:00:00.000,,,Ministry of Water and Environment_Uganda_2009
13496,Water For People,2020-02-17T00:00:00.000,Yes,,Protected Hand dug well,,,,,,UGA,Uganda,Eastern,Protected Well,Well,Hand Pump,Improved,,Functional,1,2022-02-18T05:36:33.000,,,Water For People_Global_2017-2020
11166,"Ministry of Water and Environment, Uganda",2010-04-24T00:00:00.000,No,Rainwater Harvest Tank,,2007,,,,010-01229,UGA,Uganda,Northern,Rainwater Harvesting,Rainwater Harvesting,,Improved,Other Institutional Management,Non-Functional,1,2020-01-01T00:00:00.000,,,Ministry of Water and Environment_Uganda_2009
9680,"Ministry of Water and Environment, Uganda",2010-04-23T00:00:00.000,Yes,Rainwater Harvest Tank,,2009,,,,010-00900,UGA,Uganda,Northern,Rainwater Harvesting,Rainwater Harvesting,,Improved,Other Institutional Management,"Functional, needs repair",1,2020-01-01T00:00:00.000,,,Ministry of Water and Environment_Uganda_2009
8979,"Ministry of Water and Environment, Uganda",2010-04-28T00:00:00.000,Yes,Protected spring,,1994,,,,010-00817,UGA,Uganda,Northern,Protected Well,Well,,Improved,Community Management,"Functional, needs repair",1,2020-01-01T00:00:00.000,,,Ministry of Water and Environment_Uganda_2009
9774,"Ministry of Water and Environment, Uganda",2010-04-22T00:00:00.000,Yes,Deep borehole,,2008,,,,010-00920,UGA,Uganda,Northern,Borehole/Tubewell,Well,Hand Pump - Afridev,Improved,Community Management,"Functional, needs repair",1,2020-01-01T00:00:00.000,Fees collected – basis unknown,,Ministry of Water and Environment_Uganda_2009
11196,"Ministry of Water and Environment, Uganda",2010-04-24T00:00:00.000,Yes,Deep borehole,,1994,,,,010-01239,UGA,Uganda,Northern,Borehole/Tubewell,Well,Hand Pump - Afridev,Improved,Community Management,"Functional, needs repair",1,2020-01-01T00:00:00.000,Fees collected – basis unknown,,Ministry of Water and Environment_Uganda_2009
8620,"Ministry of Water and Environment, Uganda",2010-04-29T00:00:00.000,No,Deep borehole,,1994,,,,010-00733,UGA,Uganda,Northern,Borehole/Tubewell,Well,Hand Pump - Afridev,Improved,Community Management,Non-Functional,1,2020-01-01T00:00:00.000,Fees collected – basis unknown,,Ministry of Water and Environment_Uganda_2009
12974,Water For People,2019-03-18T00:00:00.000,Yes,,Protected Shallow Well,,,,Present,,UGA,Uganda,Western,Undefined Well,Well,,Unknown,,Functional,1,2022-02-18T05:36:33.000,,,Water For People_Global_2017-2020
10747,Water For People,2005-09-07T00:00:00.000,No,,Protected Shallow Well,,,,,,UGA,Uganda,Western,Undefined Well,Well,,Unknown,,Non-Functional,1,2022-02-18T05:36:33.000,,,Water For People_Global_2017-2020
10033,"Ministry of Water and Environment, Uganda",2010-04-22T00:00:00.000,Yes,Protected spring,,2005,,,,010-00992,UGA,Uganda,Northern,Protected Well,Well,,Improved,Community Management,"Functional, needs repair",1,2020-01-01T00:00:00.000,,,Ministry of Water and Environment_Uganda_2009
8752,Water For People,2005-09-07T00:00:00.000,No,,Gravity Fed System|Public Stand Post,,,,,,UGA,Uganda,Western,,,Public Tapstand,Improved,,Non-Functional,1,2022-02-18T05:36:33.000,,,Water For People_Global_2017-2020
9754,Water For People,2020-02-22T00:00:00.000,No,,Protected deep borehole,,,,Present,,UGA,Uganda,Eastern,Borehole/Tubewell,Well,,Improved,,Non-Functional,1,2022-02-18T05:36:33.000,,,Water For People_Global_2017-2020
11631,Water For People,2005-09-07T00:00:00.000,Yes,,Protected Shallow Well,,,,,,UGA,Uganda,Western,Undefined Well,Well,,Unknown,,Functional,1,2022-02-18T05:36:33.000,,,Water For People_Global_2017-2020
10546,"Ministry of Water and Environment, Uganda",2010-09-02T00:00:00.000,No,Deep borehole,,1988,,,,010-01007,UGA,Uganda,Northern,Borehole/Tubewell,Well,Hand Pump - Afridev,Improved,Community Management,Non-Functional,1,2020-01-01T00:00:00.000,Fees collected – basis unknown,,Ministry of Water and Environment_Uganda_2009
8450,Water For People,2005-09-07T00:00:00.000,Yes,,Protected Spring,,,,,,UGA,Uganda,Western,Protected Well,Well,,Improved,,Functional,1,2022-02-18T05:36:33.000,,,Water For People_Global_2017-2020
11656,Water For People,2018-02-27T00:00:00.000,Yes,,Protected Shallow Well,,,,Present,,UGA,Uganda,Western,Undefined Well,Well,,Unknown,,Functional,1,2022-02-18T05:36:33.000,,,Water For People_Global_2017-2020
13313,"Ministry of Water and Environment, Uganda",2010-05-07T00:00:00.000,No,Deep borehole,,,,,,072-00946,UGA,Uganda,Northern,Borehole/Tubewell,Well,Hand Pump - Afridev,Improved,Other,Non-Functional,1,2020-01-01T00:00:00.000,,,Ministry of Water and Environment_Uganda_2009
8895,"Ministry of Water and Environment, Uganda",2010-04-28T00:00:00.000,Yes,Deep borehole,,1994,,,,010-00794,UGA,Uganda,Northern,Borehole/Tubewell,Well,Hand Pump - Afridev,Improved,Community Management,"Functional, needs repair",1,2020-01-01T00:00:00.000,Fees collected – basis unknown,,Ministry of Water and Environment_Uganda_2009
9167,"Ministry of Water and Environment, Uganda",2010-04-28T00:00:00.000,Yes,Protected spring,,1989,,,,010-00840,UGA,Uganda,Northern,Protected Well,Well,,Improved,Community Management,"Functional, needs repair",1,2020-01-01T00:00:00.000,,,Ministry of Water and Environment_Uganda_2009
10319,Water For People,2005-09-07T00:00:00.000,Yes,,Protected Deep Borehole,,,,,,UGA,Uganda,Western,Borehole/Tubewell,Well,,Improved,,Functional,1,2022-02-18T05:36:33.000,,,Water For People_Global_2017-2020
12672,"Ministry of Water and Environment, Uganda",2010-05-09T00:00:00.000,No,Rainwater Harvest Tank,,1996,,,,072-00826,UGA,Uganda,Northern,Rainwater Harvesting,Rainwater Harvesting,,Improved,Other Institutional Management,Non-Functional,1,2020-01-01T00:00:00.000,,,Ministry of Water and Environment_Uganda_2009
9389,Water For People,2005-09-07T00:00:00.000,Yes,,Protected Shallow Well,,,,,,UGA,Uganda,Western,Undefined Well,Well,,Unknown,,Functional,1,2022-02-18T05:36:33.000,,,Water For People_Global_2017-2020
12339,Water For People,2020-02-14T00:00:00.000,Yes,,Protected deep borehole,,,,Present,,UGA,Uganda,Eastern,Borehole/Tubewell,Well,,Improved,,Functional,1,2022-02-18T05:36:33.000,,,Water For People_Global_2017-2020
8631,"Ministry of Water and Environment, Uganda",2010-04-29T00:00:00.000,Yes,Protected spring,,2006,,,,010-00736,UGA,Uganda,Northern,Protected Well,Well,,Improved,Community Management,"Functional, needs repair",1,2020-01-01T00:00:00.000,,,Ministry of Water and Environment_Uganda_2009
13483,"Ministry of Water and Environment, Uganda",2010-05-07T00:00:00.000,Yes,Deep borehole,,1999,,,,072-00980,UGA,Uganda,Northern,Borehole/Tubewell,Well,Hand Pump - Afridev,Improved,Community Management,"Functional, needs repair",1,2020-01-01T00:00:00.000,Fees collected – basis unknown,,Ministry of Water and Environment_Uganda_2009
7980,"Ministry of Water and Environment, Uganda",2010-04-28T00:00:00.000,Yes,Rainwater Harvest Tank,,2007,,,,010-00603,UGA,Uganda,Northern,Rainwater Harvesting,Rainwater Harvesting,,Improved,Other Institutional Management,"Functional, needs repair",1,2020-01-01T00:00:00.000,,,Ministry of Water and Environment_Uganda_2009
13276,Water For People,2005-09-07T00:00:00.000,No,,Gravity Fed System|Public Stand Post,,,,,,UGA,Uganda,Western,,,Public Tapstand,Improved,,Non-Functional,1,2022-02-18T05:36:33.000,,,Water For People_Global_2017-2020
13291,"Ministry of Water and Environment, Uganda",2010-05-07T00:00:00.000,No,Deep borehole,,2008,,,,072-00942,UGA,Uganda,Northern,Borehole/Tubewell,Well,Hand Pump - Afridev,Improved,Community Management,Non-Functional,1,2020-01-01T00:00:00.000,,,Ministry of Water and Environment_Uganda_2009
8424,"Ministry of Water and Environment, Uganda",2010-04-28T00:00:00.000,Yes,Deep borehole,,2007,,,,010-00697,UGA,Uganda,Northern,Borehole/Tubewell,Well,Hand Pump - Afridev,Improved,Community Management,"Functional, needs repair",1,2020-01-01T00:00:00.000,Fees collected – basis unknown,,Ministry of Water and Environment_Uganda_2009
11083,Water For People,2018-02-26T00:00:00.000,Yes,,Protected spring catchment,,,,Present,,UGA,Uganda,Western,Protected Well,Well,,Improved,,Functional,1,2022-02-18T05:36:33.000,,,Water For People_Global_2017-2020
13639,Water For People,2019-03-15T00:00:00.000,Yes,,Protected Shallow Well,,,,,,UGA,Uganda,Western,Undefined Well,Well,,Unknown,,Functional,1,2022-02-18T05:36:33.000,,,Water For People_Global_2017-2020
9492,Water For People,2019-03-15T00:00:00.000,Yes,,Protected Shallow Well,,,,Present,,UGA,Uganda,Western,Undefined Well,Well,,Unknown,,Functional,1,2022-02-18T05:36:33.000,,,Water For People_Global_2017-2020
10181,Water For People,2020-02-22T00:00:00.000,Yes,,Protected deep borehole,,,,Present,,UGA,Uganda,Eastern,Borehole/Tubewell,Well,,Improved,,Functional,1,2022-02-18T05:36:33.000,,,Water For People_Global_2017-2020
11880,"Ministry of Water and Environment, Uganda",2010-05-08T00:00:00.000,No,Rainwater Harvest Tank,,,,,,072-00712,UGA,Uganda,Northern,Rainwater Harvesting,Rainwater Harvesting,,Improved,Other Institutional Management,Non-Functional,1,2020-01-01T00:00:00.000,,,Ministry of Water and Environment_Uganda_2009
8017,"Ministry of Water and Environment, Uganda",2010-04-28T00:00:00.000,Yes,Protected spring,,1989,,,,010-00610,UGA,Uganda,Northern,Protected Well,Well,,Improved,Community Management,"Functional, needs repair",1,2020-01-01T00:00:00.000,,,Ministry of Water and Environment_Uganda_2009
9712,Water For People,2005-09-07T00:00:00.000,No,,Gravity Fed System|Public Stand Post,,,,,,UGA,Uganda,Western,,,Public Tapstand,Improved,,Non-Functional,1,2022-02-18T05:36:33.000,,,Water For People_Global_2017-2020
11207,"Ministry of Water and Environment, Uganda",2010-04-23T00:00:00.000,Yes,Deep borehole,,2002,,,,010-01247,UGA,Uganda,Northern,Borehole/Tubewell,Well,Hand Pump - Afridev,Improved,Community Management,"Functional, needs repair",1,2020-01-01T00:00:00.000,Fees collected – basis unknown,,Ministry of Water and Environment_Uganda_2009
10528,"Ministry of Water and Environment, Uganda",2010-04-29T00:00:00.000,Yes,Protected spring,,1996,,,,010-01003,UGA,Uganda,Northern,Protected Well,Well,,Improved,Community Management,"Functional, needs repair",1,2020-01-01T00:00:00.000,,,Ministry of Water and Environment_Uganda_2009
12342,"Ministry of Water and Environment, Uganda",2010-05-08T00:00:00.000,No,Deep borehole,,1995,,,,072-00778,UGA,Uganda,Northern,Borehole/Tubewell,Well,Hand Pump - Afridev,Improved,Community Management,Non-Functional,1,2020-01-01T00:00:00.000,,,Ministry of Water and Environment_Uganda_2009
8049,"Ministry of Water and Environment, Uganda",2010-09-02T00:00:00.000,Yes,Public Stand Post,,2008,,,,010-00617,UGA,Uganda,Northern,,,Public Tapstand,Improved,Community Management,"Functional, needs repair",1,2020-01-01T00:00:00.000,,,Ministry of Water and Environment_Uganda_2009
12307,Water For People,2020-02-17T00:00:00.000,Yes,,Protected Spring,,,,,,UGA,Uganda,Eastern,Protected Well,Well,,Improved,,Functional,1,2022-02-18T05:36:33.000,,,Water For People_Global_2017-2020
8005,Water For People,2005-09-07T00:00:00.000,No,,Protected Spring,,,,,,UGA,Uganda,Western,Protected Well,Well,,Improved,,Non-Functional,1,2022-02-18T05:36:33.000,,,Water For People_Global_2017-2020
9685,"Ministry of Water and Environment, Uganda",2010-04-23T00:00:00.000,Yes,Deep borehole,,1989,,,,010-00901,UGA,Uganda,Northern,Borehole/Tubewell,Well,Hand Pump - Afridev,Improved,Community Management,"Functional, needs repair",1,2020-01-01T00:00:00.000,Fees collected – basis unknown,,Ministry of Water and Environment_Uganda_2009
11705,"Ministry of Water and Environment, Uganda",2010-05-08T00:00:00.000,Yes,Public Stand Post,,2005,,,,072-00686,UGA,Uganda,Northern,,,Public Tapstand,Improved,Community Management,"Functional, needs repair",1,2020-01-01T00:00:00.000,Fees collected – basis unknown,,Ministry of Water and Environment_Uganda_2009
10434,"Ministry of Water and Environment, Uganda",2012-08-23T00:00:00.000,Yes,Deep borehole,,2012,,,,010-01906,UGA,Uganda,Northern,Borehole/Tubewell,Well,Hand Pump - Afridev,Improved,Community Management,"Functional, needs repair",1,2020-01-01T00:00:00.000,Fees collected – basis unknown,,Ministry of Water and Environment_Uganda_2009
12278,Water For People,2019-03-18T00:00:00.000,Yes,,Gravity Fed system,,,,Present,,UGA,Uganda,Western,Surface Water (River/Stream/Lake/Pond/Dam),Surface Water,,No facilities,,Functional,1,2022-02-18T05:36:33.000,,,Water For People_Global_2017-2020
12506,"Ministry of Water and Environment, Uganda",2010-05-08T00:00:00.000,No,Rainwater Harvest Tank,,1999,,,,072-00800,UGA,Uganda,Northern,Rainwater Harvesting,Rainwater Harvesting,,Improved,Private Operator/Delegated Management,Non-Functional,1,2020-01-01T00:00:00.000,,,Ministry of Water and Environment_Uganda_2009
8920,Water For People,2019-03-23T00:00:00.000,Yes,,Protected Spring,,,,,,UGA,Uganda,Western,Protected Well,Well,,Improved,,Functional,1,2022-02-18T05:36:33.000,,,Water For People_Global_2017-2020
8371,"Ministry of Water and Environment, Uganda",2010-04-28T00:00:00.000,Yes,Protected spring,,1993,,,,010-00689,UGA,Uganda,Northern,Protected Well,Well,,Improved,Community Management,"Functional, needs repair",1,2020-01-01T00:00:00.000,,,Ministry of Water and Environment_Uganda_2009
11069,Water For People,2005-09-07T00:00:00.000,Yes,,Pumped Piped System|Public Stand Post,,,,,,UGA,Uganda,Western,Piped Water,Piped Water,Public Tapstand,Improved,,Functional,1,2022-02-18T05:36:33.000,,,Water For People_Global_2017-2020
11673,"Ministry of Water and Environment, Uganda",2010-05-08T00:00:00.000,No,Public Stand Post,,2005,,,,072-00680,UGA,Uganda,Northern,,,Public Tapstand,Improved,Community Management,Non-Functional,1,2020-01-01T00:00:00.000,Fees collected – basis unknown,,Ministry of Water and Environment_Uganda_2009
8207,Water For People,2020-02-18T00:00:00.000,Yes,,Protected deep borehole,,,,Present,,UGA,Uganda,Eastern,Borehole/Tubewell,Well,,Improved,,Functional,1,2022-02-18T05:36:33.000,,,Water For People_Global_2017-2020
10282,"Ministry of Water and Environment, Uganda",2010-04-27T00:00:00.000,No,Public Stand Post,,2008,,,,010-01079,UGA,Uganda,Northern,,,Public Tapstand,Improved,Community Management,Non-Functional,1,2020-01-01T00:00:00.000,Fees collected – basis unknown,,Ministry of Water and Environment_Uganda_2009
8540,Water For People,2019-03-22T00:00:00.000,Yes,,Gravity Fed system,,,,Present,,UGA,Uganda,Western,Surface Water (River/Stream/Lake/Pond/Dam),Surface Water,,No facilities,,Functional,1,2022-02-18T05:36:33.000,,,Water For People_Global_2017-2020
7915,Water For People,2019-03-21T00:00:00.000,Yes,,Protected Shallow Well,,,,,,UGA,Uganda,Western,Undefined Well,Well,,Unknown,,Functional,1,2022-02-18T05:36:33.000,,,Water For People_Global_2017-2020
12695,"Ministry of Water and Environment, Uganda",2010-05-09T00:00:00.000,Yes,Protected spring,,1997,,,,072-00832,UGA,Uganda,Northern,Protected Well,Well,,Improved,Community Management,"Functional, needs repair",1,2020-01-01T00:00:00.000,Fees collected – basis unknown,,Ministry of Water and Environment_Uganda_2009
7922,Water For People,2005-09-07T00:00:00.000,Yes,,Pumped Piped System|Public Stand Post,,,,,,UGA,Uganda,Western,Piped Water,Piped Water,Public Tapstand,Improved,,Functional,1,2022-02-18T05:36:33.000,,,Water For People_Global_2017-2020
8107,"Ministry of Water and Environment, Uganda",2010-04-28T00:00:00.000,Yes,Protected spring,,2004,,,,010-00634,UGA,Uganda,Northern,Protected Well,Well,,Improved,Community Management,"Functional, needs repair",1,2020-01-01T00:00:00.000,Fees collected – basis unknown,,Ministry of Water and Environment_Uganda_2009
8935,Water For People,2018-02-26T00:00:00.000,Yes,,Pumped Piped System|Kiosk or Public stand Post,,,,Present,,UGA,Uganda,Western,Piped Water,Piped Water,Public Tapstand,Improved,,Functional,1,2022-02-18T05:36:33.000,,,Water For People_Global_2017-2020
8027,Water For People,2020-02-19T00:00:00.000,Yes,,Protected Spring,,,,,,UGA,Uganda,Eastern,Protected Well,Well,,Improved,,Functional,1,2022-02-18T05:36:33.000,,,Water For People_Global_2017-2020
10092,"Ministry of Water and Environment, Uganda",2010-04-30T00:00:00.000,No,Deep borehole,,2008,,,,010-01023,UGA,Uganda,Northern,Borehole/Tubewell,Well,Hand Pump - Afridev,Improved,Community Management,Non-Functional,1,2020-01-01T00:00:00.000,Fees collected – basis unknown,,Ministry of Water and Environment_Uganda_2009
13715,Water For People,2005-09-07T00:00:00.000,Yes,,Gravity Fed System|Public Stand Post,,,,,,UGA,Uganda,Western,,,Public Tapstand,Improved,,Functional,1,2022-02-18T05:36:33.000,,,Water For People_Global_2017-2020
12201,"Ministry of Water and Environment, Uganda",2010-05-08T00:00:00.000,No,Deep borehole,,2006,,,,072-00758,UGA,Uganda,Northern,Borehole/Tubewell,Well,Hand Pump - Afridev,Improved,Community Management,Non-Functional,1,2020-01-01T00:00:00.000,Fees collected – basis unknown,,Ministry of Water and Environment_Uganda_2009
8291,Water For People,2005-09-07T00:00:00.000,Yes,,Protected Spring,,,,,,UGA,Uganda,Western,Protected Well,Well,,Improved,,Functional,1,2022-02-18T05:36:33.000,,,Water For People_Global_2017-2020
11937,"Ministry of Water and Environment, Uganda",2010-05-08T00:00:00.000,Yes,Deep borehole,,2003,,,,072-00719,UGA,Uganda,Northern,Borehole/Tubewell,Well,Hand Pump - Afridev,Improved,Community Management,"Functional, needs repair",1,2020-01-01T00:00:00.000,,,Ministry of Water and Environment_Uganda_2009
10790,"Ministry of Water and Environment, Uganda",2010-04-29T00:00:00.000,Yes,Deep borehole,,2007,,,,010-01157,UGA,Uganda,Northern,Borehole/Tubewell,Well,Hand Pump - Afridev,Improved,Community Management,"Functional, needs repair",1,2020-01-01T00:00:00.000,Fees collected – basis unknown,,Ministry of Water and Environment_Uganda_2009
9058,"Ministry of Water and Environment, Uganda",2010-04-28T00:00:00.000,Yes,Protected spring,,1988,,,,010-00826,UGA,Uganda,Northern,Protected Well,Well,,Improved,Community Management,"Functional, needs repair",1,2020-01-01T00:00:00.000,,,Ministry of Water and Environment_Uganda_2009
10642,"Ministry of Water and Environment, Uganda",2011-09-05T00:00:00.000,Yes,Deep borehole,,2010,,,,010-01127,UGA,Uganda,Northern,Borehole/Tubewell,Well,Hand Pump - Afridev,Improved,Community Management,"Functional, needs repair",1,2020-01-01T00:00:00.000,Fees collected – basis unknown,,Ministry of Water and Environment_Uganda_2009
10943,"Ministry of Water and Environment, Uganda",2010-04-23T00:00:00.000,Yes,Deep borehole,,1994,,,,010-01177,UGA,Uganda,Northern,Borehole/Tubewell,Well,Hand Pump - Afridev,Improved,Community Management,"Functional, not in use",1,2020-01-01T00:00:00.000,,,Ministry of Water and Environment_Uganda_2009
13170,"Ministry of Water and Environment, Uganda",2010-05-09T00:00:00.000,Yes,Public Stand Post,,2009,,,,072-00915,UGA,Uganda,Northern,,,Public Tapstand,Improved,Other Institutional Management,"Functional, not in use",1,2020-01-01T00:00:00.000,,Acceptable quality,Ministry of Water and Environment_Uganda_2009
8113,"Ministry of Water and Environment, Uganda",2010-04-28T00:00:00.000,Yes,Protected spring,,2004,,,,010-00636,UGA,Uganda,Northern,Protected Well,Well,,Improved,Community Management,"Functional, needs repair",1,2020-01-01T00:00:00.000,,,Ministry of Water and Environment_Uganda_2009
11833,Water For People,2005-09-07T00:00:00.000,Yes,,Pumped Piped System|Public Stand Post,,,,,,UGA,Uganda,Western,Piped Water,Piped Water,Public Tapstand,Improved,,Functional,1,2022-02-18T05:36:33.000,,,Water For People_Global_2017-2020
11989,"Ministry of Water and Environment, Uganda",2010-05-08T00:00:00.000,Yes,Deep borehole,,2007,,,,072-00724,UGA,Uganda,Northern,Borehole/Tubewell,Well,Hand Pump - Afridev,Improved,Community Management,"Functional, needs repair",1,2020-01-01T00:00:00.000,Fees collected – basis unknown,,Ministry of Water and Environment_Uganda_2009
9320,Water For People,2005-09-07T00:00:00.000,No,,Protected Spring,,,,,,UGA,Uganda,Western,Protected Well,Well,,Improved,,Non-Functional,1,2022-02-18T05:36:33.000,,,Water For People_Global_2017-2020
10342,Water For People,2005-09-07T00:00:00.000,Yes,,Protected Deep Borehole,,,,,,UGA,Uganda,Western,Borehole/Tubewell,Well,,Improved,,Functional,1,2022-02-18T05:36:33.000,,,Water For People_Global_2017-2020
13681,Water For People,2005-09-07T00:00:00.000,Yes,,Gravity Fed System|Public Stand Post,,,,,,UGA,Uganda,Western,,,Public Tapstand,Improved,,Functional,1,2022-02-18T05:36:33.000,,,Water For People_Global_2017-2020
11147,"Ministry of Water and Environment, Uganda",2010-04-24T00:00:00.000,Yes,Deep borehole,,1997,,,,010-01223,UGA,Uganda,Northern,Borehole/Tubewell,Well,Hand Pump - Afridev,Improved,Community Management,"Functional, not in use",1,2020-01-01T00:00:00.000,Fees collected – basis unknown,,Ministry of Water and Environment_Uganda_2009
11270,"Ministry of Water and Environment, Uganda",2010-04-23T00:00:00.000,No,Shallow well,,2003,,,,010-01261,UGA,Uganda,Northern,Undefined Well,Well,,Unknown,Community Management,Non-Functional,1,2020-01-01T00:00:00.000,Fees collected – basis unknown,Bad color,Ministry of Water and Environment_Uganda_2009
8196,Water For People,2019-03-15T00:00:00.000,Yes,,Protected Shallow Well,,,,,,UGA,Uganda,Western,Undefined Well,Well,,Unknown,,Functional,1,2022-02-18T05:36:33.000,,,Water For People_Global_2017-2020
9218,"Ministry of Water and Environment, Uganda",2010-06-17T00:00:00.000,Yes,Protected spring,,1997,,,,010-00851,UGA,Uganda,Northern,Protected Well,Well,,Improved,Community Management,"Functional, needs repair",1,2020-01-01T00:00:00.000,,,Ministry of Water and Environment_Uganda_2009
10826,"Ministry of Water and Environment, Uganda",2010-09-29T00:00:00.000,Yes,Deep borehole,,2009,,,,010-01161,UGA,Uganda,Northern,Borehole/Tubewell,Well,Hand Pump - Afridev,Improved,Community Management,"Functional, needs repair",1,2020-01-01T00:00:00.000,,,Ministry of Water and Environment_Uganda_2009
9679,"Ministry of Water and Environment, Uganda",2010-04-23T00:00:00.000,Yes,Rainwater Harvest Tank,,2009,,,,010-00899,UGA,Uganda,Northern,Rainwater Harvesting,Rainwater Harvesting,,Improved,Other Institutional Management,"Functional, needs repair",1,2020-01-01T00:00:00.000,,,Ministry of Water and Environment_Uganda_2009
9102,"Ministry of Water and Environment, Uganda",2010-04-28T00:00:00.000,No,Protected spring,,1990,,,,010-00834,UGA,Uganda,Northern,Protected Well,Well,,Improved,Community Management,Non-Functional,1,2020-01-01T00:00:00.000,,,Ministry of Water and Environment_Uganda_2009
12942,Water For People,2018-03-01T00:00:00.000,Yes,,Pumped Piped System|Kiosk or Public stand Post,,,,Present,,UGA,Uganda,Western,Piped Water,Piped Water,Public Tapstand,Improved,,Functional,1,2022-02-18T05:36:33.000,,,Water For People_Global_2017-2020
8164,"Ministry of Water and Environment, Uganda",2010-04-28T00:00:00.000,No,Protected spring,,1995,,,,010-00650,UGA,Uganda,Northern,Protected Well,Well,,Improved,Community Management,Non-Functional,1,2020-01-01T00:00:00.000,,,Ministry of Water and Environment_Uganda_2009
12678,"Ministry of Water and Environment, Uganda",2010-05-09T00:00:00.000,Yes,Deep borehole,,2008,,,,072-00828,UGA,Uganda,Northern,Borehole/Tubewell,Well,Hand Pump - Afridev,Improved,Community Management,"Functional, needs repair",1,2020-01-01T00:00:00.000,Fees collected – basis unknown,,Ministry of Water and Environment_Uganda_2009
8743,"Ministry of Water and Environment, Uganda",2010-04-27T00:00:00.000,Yes,Protected spring,,1989,,,,010-00768,UGA,Uganda,Northern,Protected Well,Well,,Improved,Community Management,"Functional, needs repair",1,2020-01-01T00:00:00.000,Fees collected – basis unknown,,Ministry of Water and Environment_Uganda_2009
11688,"Ministry of Water and Environment, Uganda",2010-05-08T00:00:00.000,Yes,Deep borehole,,1998,,,,072-00683,UGA,Uganda,Northern,Borehole/Tubewell,Well,Hand Pump - Afridev,Improved,Other Institutional Management,"Functional, needs repair",1,2020-01-01T00:00:00.000,Fees collected – basis unknown,,Ministry of Water and Environment_Uganda_2009
10093,Water For People,2005-09-07T00:00:00.000,No,,Gravity Fed System|Public Stand Post,,,,,,UGA,Uganda,Western,,,Public Tapstand,Improved,,Non-Functional,1,2022-02-18T05:36:33.000,,,Water For People_Global_2017-2020
12499,"Ministry of Water and Environment, Uganda",2010-05-08T00:00:00.000,Yes,Deep borehole,,1995,,,,072-00797,UGA,Uganda,Northern,Borehole/Tubewell,Well,Hand Pump - Afridev,Improved,Community Management,"Functional, needs repair",1,2020-01-01T00:00:00.000,Fees collected – basis unknown,,Ministry of Water and Environment_Uganda_2009
13391,"Ministry of Water and Environment, Uganda",2010-05-08T00:00:00.000,Yes,Deep borehole,,2002,,,,072-00961,UGA,Uganda,Northern,Borehole/Tubewell,Well,Hand Pump - Afridev,Improved,Community Management,"Functional, needs repair",1,2020-01-01T00:00:00.000,,,Ministry of Water and Environment_Uganda_2009
9899,Water For People,2005-09-07T00:00:00.000,Yes,,Protected Shallow Well,,,,,,UGA,Uganda,Western,Undefined Well,Well,,Unknown,,Functional,1,2022-02-18T05:36:33.000,,,Water For People_Global_2017-2020
13127,"Ministry of Water and Environment, Uganda",2010-07-02T00:00:00.000,No,Protected spring,,2000,,,,072-00908,UGA,Uganda,Northern,Protected Well,Well,,Improved,Community Management,Non-Functional,1,2020-01-01T00:00:00.000,,Acceptable quality,Ministry of Water and Environment_Uganda_2009
8311,"Ministry of Water and Environment, Uganda",2010-04-28T00:00:00.000,Yes,Protected spring,,1995,,,,010-00677,UGA,Uganda,Northern,Protected Well,Well,,Improved,Community Management,"Functional, needs repair",1,2020-01-01T00:00:00.000,,,Ministry of Water and Environment_Uganda_2009
11468,Water For People,2020-02-17T00:00:00.000,Yes,,Protected deep borehole,,,,,,UGA,Uganda,Eastern,Borehole/Tubewell,Well,,Improved,,Functional,1,2022-02-18T05:36:33.000,,,Water For People_Global_2017-2020
8905,"Ministry of Water and Environment, Uganda",2010-04-28T00:00:00.000,No,Protected spring,,1985,,,,010-00796,UGA,Uganda,Northern,Protected Well,Well,,Improved,Community Management,Non-Functional,1,2020-01-01T00:00:00.000,,,Ministry of Water and Environment_Uganda_2009
11678,"Ministry of Water and Environment, Uganda",2010-07-26T00:00:00.000,Yes,Rainwater Harvest Tank,,2004,,,,110-00497,UGA,Uganda,Northern,Rainwater Harvesting,Rainwater Harvesting,,Improved,Community Management,"Functional, needs repair",1,2020-01-01T00:00:00.000,Fees collected – basis unknown,,Ministry of Water and Environment_Uganda_2009
12470,"Ministry of Water and Environment, Uganda",2010-05-08T00:00:00.000,No,Rainwater Harvest Tank,,2001,,,,072-00790,UGA,Uganda,Northern,Rainwater Harvesting,Rainwater Harvesting,,Improved,Other Institutional Management,Non-Functional,1,2020-01-01T00:00:00.000,,,Ministry of Water and Environment_Uganda_2009
10021,"Ministry of Water and Environment, Uganda",2010-04-22T00:00:00.000,No,Deep borehole,,2006,,,,010-00988,UGA,Uganda,Northern,Borehole/Tubewell,Well,Hand Pump - Afridev,Improved,Community Management,Non-Functional,1,2020-01-01T00:00:00.000,Fees collected – basis unknown,Acceptable quality,Ministry of Water and Environment_Uganda_2009
10738,Water For People,2005-09-07T00:00:00.000,Yes,,Protected Spring,,,,,,UGA,Uganda,Western,Protected Well,Well,,Improved,,Functional,1,2022-02-18T05:36:33.000,,,Water For People_Global_2017-2020
8621,"Ministry of Water and Environment, Uganda",2010-04-29T00:00:00.000,Yes,Protected spring,,1990,,,,010-00734,UGA,Uganda,Northern,Protected Well,Well,,Improved,Community Management,"Functional, needs repair",1,2020-01-01T00:00:00.000,,,Ministry of Water and Environment_Uganda_2009
10016,"Ministry of Water and Environment, Uganda",2010-04-23T00:00:00.000,Yes,Deep borehole,,1995,,,,010-00987,UGA,Uganda,Northern,Borehole/Tubewell,Well,Hand Pump - Afridev,Improved,Community Management,"Functional, needs repair",1,2020-01-01T00:00:00.000,,,Ministry of Water and Environment_Uganda_2009
9552,Water For People,2005-09-07T00:00:00.000,Yes,,Gravity Fed System|Public Stand Post,,,,,,UGA,Uganda,Western,,,Public Tapstand,Improved,,Functional,1,2022-02-18T05:36:33.000,,,Water For People_Global_2017-2020
12910,Water For People,2005-09-07T00:00:00.000,No,,Protected Spring,,,,,,UGA,Uganda,Western,Protected Well,Well,,Improved,,Non-Functional,1,2022-02-18T05:36:33.000,,,Water For People_Global_2017-2020
9889,Water For People,2019-03-20T00:00:00.000,Yes,,Protected Shallow Well,,,,,,UGA,Uganda,Western,Undefined Well,Well,,Unknown,,Functional,1,2022-02-18T05:36:33.000,,,Water For People_Global_2017-2020
11182,"Ministry of Water and Environment, Uganda",2010-08-04T00:00:00.000,Yes,Rainwater Harvest Tank,,2004,,,,010-01234,UGA,Uganda,Northern,Rainwater Harvesting,Rainwater Harvesting,,Improved,Other Institutional Management,"Functional, not in use",1,2020-01-01T00:00:00.000,,,Ministry of Water and Environment_Uganda_2009
10180,Water For People,2020-02-24T00:00:00.000,Yes,,Protected deep borehole,,,,Present,,UGA,Uganda,Eastern,Borehole/Tubewell,Well,,Improved,,Functional,1,2022-02-18T05:36:33.000,,,Water For People_Global_2017-2020
13372,"Ministry of Water and Environment, Uganda",2010-05-07T00:00:00.000,No,Deep borehole,,1998,,,,072-00955,UGA,Uganda,Northern,Borehole/Tubewell,Well,Hand Pump - Afridev,Improved,Community Management,Non-Functional,1,2020-01-01T00:00:00.000,,,Ministry of Water and Environment_Uganda_2009
9086,"Ministry of Water and Environment, Uganda",2010-04-28T00:00:00.000,No,Deep borehole,,2007,,,,010-00831,UGA,Uganda,Northern,Borehole/Tubewell,Well,Hand Pump - Afridev,Improved,Community Management,Non-Functional,1,2020-01-01T00:00:00.000,Fees collected – basis unknown,,Ministry of Water and Environment_Uganda_2009
10534,"Ministry of Water and Environment, Uganda",2010-04-29T00:00:00.000,Yes,Rainwater Harvest Tank,,2009,,,,010-01004,UGA,Uganda,Northern,Rainwater Harvesting,Rainwater Harvesting,,Improved,Community Management,"Functional, needs repair",1,2020-01-01T00:00:00.000,,,Ministry of Water and Environment_Uganda_2009
9946,"Ministry of Water and Environment, Uganda",2010-04-23T00:00:00.000,Yes,Deep borehole,,2004,,,,010-00975,UGA,Uganda,Northern,Borehole/Tubewell,Well,Hand Pump - Afridev,Improved,Community Management,"Functional, needs repair",1,2020-01-01T00:00:00.000,Fees collected – basis unknown,,Ministry of Water and Environment_Uganda_2009
12719,"Ministry of Water and Environment, Uganda",2010-05-09T00:00:00.000,Yes,Protected spring,,2005,,,,072-00837,UGA,Uganda,Northern,Protected Well,Well,,Improved,Community Management,"Functional, needs repair",1,2020-01-01T00:00:00.000,,,Ministry of Water and Environment_Uganda_2009
7717,"Ministry of Water and Environment, Uganda",2010-04-27T00:00:00.000,Yes,Protected spring,,1984,,,,010-00574,UGA,Uganda,Northern,Protected Well,Well,,Improved,Community Management,"Functional, needs repair",1,2020-01-01T00:00:00.000,,,Ministry of Water and Environment_Uganda_2009
13117,Water For People,2020-02-22T00:00:00.000,Yes,,Protected Spring,,,,,,UGA,Uganda,Eastern,Protected Well,Well,,Improved,,Functional,1,2022-02-18T05:36:33.000,,,Water For People_Global_2017-2020
12517,"Ministry of Water and Environment, Uganda",2010-07-19T00:00:00.000,Yes,Deep borehole,,1998,,,,072-00802,UGA,Uganda,Northern,Borehole/Tubewell,Well,Hand Pump - Afridev,Improved,Community Management,"Functional, needs repair",1,2020-01-01T00:00:00.000,Fees collected – basis unknown,,Ministry of Water and Environment_Uganda_2009
11586,"Ministry of Water and Environment, Uganda",2010-05-08T00:00:00.000,Yes,Public Stand Post,,2005,,,,072-00665,UGA,Uganda,Northern,,,Public Tapstand,Improved,Community Management,"Functional, needs repair",1,2020-01-01T00:00:00.000,Fees collected – basis unknown,,Ministry of Water and Environment_Uganda_2009
8892,Water For People,2019-03-22T00:00:00.000,Yes,,Pumped piped system,,,,Present,,UGA,Uganda,Western,Surface Water (River/Stream/Lake/Pond/Dam),Surface Water,,No facilities,,Functional,1,2022-02-18T05:36:33.000,,,Water For People_Global_2017-2020
9301,Water For People,2005-09-07T00:00:00.000,No,,Protected Shallow Well,,,,,,UGA,Uganda,Western,Undefined Well,Well,,Unknown,,Non-Functional,1,2022-02-18T05:36:33.000,,,Water For People_Global_2017-2020
12116,"Ministry of Water and Environment, Uganda",2010-05-08T00:00:00.000,Yes,Deep borehole,,2008,,,,072-00747,UGA,Uganda,Northern,Borehole/Tubewell,Well,Hand Pump - Afridev,Improved,Community Management,"Functional, needs repair",1,2020-01-01T00:00:00.000,Fees collected – basis unknown,,Ministry of Water and Environment_Uganda_2009
8396,Drop in the Bucket,2018-07-16T00:00:00.000,Yes,,India Mark II Hand pump,,,,,,UGA,Uganda,Northern,Protected Well,Well,Hand Pump - India Mark,Improved,,Non-Functional,1,2020-07-29T19:21:47.000,,,WPDx Reingestion_Global
11693,"Ministry of Water and Environment, Uganda",2010-05-08T00:00:00.000,Yes,Deep borehole,,1989,,,,072-00684,UGA,Uganda,Northern,Borehole/Tubewell,Well,Hand Pump - Afridev,Improved,Community Management,"Functional, needs repair",1,2020-01-01T00:00:00.000,Fees collected – basis unknown,,Ministry of Water and Environment_Uganda_2009
12110,"Ministry of Water and Environment, Uganda",2010-05-08T00:00:00.000,No,Deep borehole,,1994,,,,072-00746,UGA,Uganda,Northern,Borehole/Tubewell,Well,Hand Pump - Afridev,Improved,Community Management,Non-Functional,1,2020-01-01T00:00:00.000,Fees collected – basis unknown,,Ministry of Water and Environment_Uganda_2009
10972,Water For People,2018-03-05T00:00:00.000,Yes,,Protected spring catchment,,,,,,UGA,Uganda,Western,Protected Well,Well,,Improved,,Functional,1,2022-02-18T05:36:33.000,,,Water For People_Global_2017-2020
9757,"Ministry of Water and Environment, Uganda",2010-04-22T00:00:00.000,Yes,Rainwater Harvest Tank,,2009,,,,010-00916,UGA,Uganda,Northern,Rainwater Harvesting,Rainwater Harvesting,,Improved,Other Institutional Management,"Functional, needs repair",1,2020-01-01T00:00:00.000,,,Ministry of Water and Environment_Uganda_2009
11388,Water For People,2018-03-05T00:00:00.000,Yes,,Protected Shallow Well,,,,,,UGA,Uganda,Western,Undefined Well,Well,,Unknown,,Functional,1,2022-02-18T05:36:33.000,,,Water For People_Global_2017-2020
10207,Water For People,2005-09-07T00:00:00.000,No,,Protected Shallow Well,,,,,,UGA,Uganda,Western,Undefined Well,Well,,Unknown,,Non-Functional,1,2022-02-18T05:36:33.000,,,Water For People_Global_2017-2020
11512,"Ministry of Water and Environment, Uganda",2010-05-08T00:00:00.000,Yes,Rainwater Harvest Tank,,1998,,,,072-00654,UGA,Uganda,Northern,Rainwater Harvesting,Rainwater Harvesting,,Improved,Other Institutional Management,"Functional, needs repair",1,2020-01-01T00:00:00.000,,,Ministry of Water and Environment_Uganda_2009
10832,Water For People,2018-02-27T00:00:00.000,Yes,,Protected Shallow Well,,,,,,UGA,Uganda,Western,Undefined Well,Well,,Unknown,,Functional,1,2022-02-18T05:36:33.000,,,Water For People_Global_2017-2020
9149,Water For People,2018-03-02T00:00:00.000,No,,Gravity Fed System|Kiosk or Public stand Post,,,,,,UGA,Uganda,Western,,,Public Tapstand,Improved,,Non-Functional,1,2022-02-18T05:36:33.000,,,Water For People_Global_2017-2020
8975,Water For People,2019-03-20T00:00:00.000,Yes,,Protected Shallow Well,,,,,,UGA,Uganda,Western,Undefined Well,Well,,Unknown,,Functional,1,2022-02-18T05:36:33.000,,,Water For People_Global_2017-2020
10117,Water For People,2005-09-07T00:00:00.000,Yes,,Pumped Piped System|Public Stand Post,,,,,,UGA,Uganda,Western,Piped Water,Piped Water,Public Tapstand,Improved,,Functional,1,2022-02-18T05:36:33.000,,,Water For People_Global_2017-2020
8760,CARE-Uganda-Otuke,2015-02-02T00:00:00.000,Yes,,Borehole or tubewell,,,,,,UGA,Uganda,Northern,Borehole/Tubewell,Well,,Improved,,Functional,1,2020-07-29T19:21:47.000,,,WPDx Reingestion_Global
11683,"Ministry of Water and Environment, Uganda",2010-05-08T00:00:00.000,Yes,Public Stand Post,,2005,,,,072-00682,UGA,Uganda,Northern,,,Public Tapstand,Improved,Other Institutional Management,"Functional, needs repair",1,2020-01-01T00:00:00.000,Fees collected – basis unknown,,Ministry of Water and Environment_Uganda_2009
11635,"Ministry of Water and Environment, Uganda",2010-05-08T00:00:00.000,Yes,Deep borehole,,1965,,,,072-00674,UGA,Uganda,Northern,Borehole/Tubewell,Well,Hand Pump - Afridev,Improved,Community Management,"Functional, needs repair",1,2020-01-01T00:00:00.000,Fees collected – basis unknown,,Ministry of Water and Environment_Uganda_2009
8326,"Ministry of Water and Environment, Uganda",2010-04-28T00:00:00.000,No,Rainwater Harvest Tank,,,,,,010-00679,UGA,Uganda,Northern,Rainwater Harvesting,Rainwater Harvesting,,Improved,Community Management,Non-Functional,1,2020-01-01T00:00:00.000,,,Ministry of Water and Environment_Uganda_2009
12453,"Ministry of Water and Environment, Uganda",2010-05-08T00:00:00.000,Yes,Deep borehole,,1954,,,,072-00788,UGA,Uganda,Northern,Borehole/Tubewell,Well,Hand Pump - Afridev,Improved,Other Institutional Management,"Functional, needs repair",1,2020-01-01T00:00:00.000,Fees collected – basis unknown,,Ministry of Water and Environment_Uganda_2009
10402,Water For People,2005-09-07T00:00:00.000,Yes,,Protected Spring,,,,,,UGA,Uganda,Western,Protected Well,Well,,Improved,,Functional,1,2022-02-18T05:36:33.000,,,Water For People_Global_2017-2020
10244,"Ministry of Water and Environment, Uganda",2010-04-27T00:00:00.000,Yes,Shallow well,,2007,,,,010-01069,UGA,Uganda,Northern,Undefined Well,Well,,Unknown,Other Institutional Management,"Functional, needs repair",1,2020-01-01T00:00:00.000,,,Ministry of Water and Environment_Uganda_2009
11759,Water For People,2018-03-02T00:00:00.000,Yes,,Gravity Fed System|Kiosk or Public stand Post,,,,,,UGA,Uganda,Western,,,Public Tapstand,Improved,,Functional,1,2022-02-18T05:36:33.000,,,Water For People_Global_2017-2020
9778,Water For People,2018-02-28T00:00:00.000,Yes,,Protected deep borehole,,,,,,UGA,Uganda,Western,Borehole/Tubewell,Well,,Improved,,Functional,1,2022-02-18T05:36:33.000,,,Water For People_Global_2017-2020
12272,Water For People,2020-02-22T00:00:00.000,Yes,,Protected Shallow Well,,,,Present,,UGA,Uganda,Eastern,Undefined Well,Well,,Unknown,,Functional,1,2022-02-18T05:36:33.000,,,Water For People_Global_2017-2020
10757,"Ministry of Water and Environment, Uganda",2010-04-29T00:00:00.000,No,Deep borehole,,1991,,,,010-01154,UGA,Uganda,Northern,Borehole/Tubewell,Well,Hand Pump - Afridev,Improved,Community Management,Non-Functional,1,2020-01-01T00:00:00.000,,,Ministry of Water and Environment_Uganda_2009
12270,"Ministry of Water and Environment, Uganda",2010-08-05T00:00:00.000,Yes,Deep borehole,,2007,,,,072-00767,UGA,Uganda,Northern,Borehole/Tubewell,Well,Hand Pump - Afridev,Improved,Community Management,"Functional, needs repair",1,2020-01-01T00:00:00.000,Fees collected – basis unknown,,Ministry of Water and Environment_Uganda_2009
12874,"Ministry of Water and Environment, Uganda",2010-05-09T00:00:00.000,Yes,Deep borehole,,2005,,,,072-00864,UGA,Uganda,Northern,Borehole/Tubewell,Well,Hand Pump - Afridev,Improved,Community Management,"Functional, needs repair",1,2020-01-01T00:00:00.000,Fees collected – basis unknown,,Ministry of Water and Environment_Uganda_2009
11618,Water For People,2005-09-07T00:00:00.000,Yes,,Protected Shallow Well,,,,,,UGA,Uganda,Western,Undefined Well,Well,,Unknown,,Functional,1,2022-02-18T05:36:33.000,,,Water For People_Global_2017-2020
11192,Water For People,2019-03-14T00:00:00.000,Yes,,Protected Shallow Well,,,,,,UGA,Uganda,Western,Undefined Well,Well,,Unknown,,Functional,1,2022-02-18T05:36:33.000,,,Water For People_Global_2017-2020
7918,"Ministry of Water and Environment, Uganda",2010-04-27T00:00:00.000,No,Deep borehole,,,,,,010-00592,UGA,Uganda,Northern,Borehole/Tubewell,Well,Hand Pump - Afridev,Improved,Community Management,Non-Functional,1,2020-01-01T00:00:00.000,Fees collected – basis unknown,,Ministry of Water and Environment_Uganda_2009
11603,"Ministry of Water and Environment, Uganda",2010-05-08T00:00:00.000,Yes,Public Stand Post,,2005,,,,072-00668,UGA,Uganda,Northern,,,Public Tapstand,Improved,Community Management,"Functional, needs repair",1,2020-01-01T00:00:00.000,Fees collected – basis unknown,,Ministry of Water and Environment_Uganda_2009
13015,Water For People,2005-09-07T00:00:00.000,Yes,,Pumped Piped System|Public Stand Post,,,,,,UGA,Uganda,Western,Piped Water,Piped Water,Public Tapstand,Improved,,Functional,1,2022-02-18T05:36:33.000,,,Water For People_Global_2017-2020
13528,"Ministry of Water and Environment, Uganda",2010-05-07T00:00:00.000,Yes,Deep borehole,,2001,,,,072-00988,UGA,Uganda,Northern,Borehole/Tubewell,Well,Hand Pump - Afridev,Improved,Other Institutional Management,"Functional, needs repair",1,2020-01-01T00:00:00.000,,,Ministry of Water and Environment_Uganda_2009
10762,"Ministry of Water and Environment, Uganda",2010-04-29T00:00:00.000,Yes,Deep borehole,,2004,,,,010-01155,UGA,Uganda,Northern,Borehole/Tubewell,Well,Hand Pump - Afridev,Improved,Community Management,"Functional, needs repair",1,2020-01-01T00:00:00.000,Fees collected – basis unknown,,Ministry of Water and Environment_Uganda_2009
11531,"Ministry of Water and Environment, Uganda",2010-05-08T00:00:00.000,Yes,Deep borehole,,1998,,,,072-00658,UGA,Uganda,Northern,Borehole/Tubewell,Well,Hand Pump - Afridev,Improved,Community Management,"Functional, needs repair",1,2020-01-01T00:00:00.000,Fees collected – basis unknown,,Ministry of Water and Environment_Uganda_2009
8956,"Ministry of Water and Environment, Uganda",2010-04-27T00:00:00.000,Yes,Protected spring,,1990,,,,010-00809,UGA,Uganda,Northern,Protected Well,Well,,Improved,Community Management,"Functional, needs repair",1,2020-01-01T00:00:00.000,,,Ministry of Water and Environment_Uganda_2009
8108,"Ministry of Water and Environment, Uganda",2010-04-28T00:00:00.000,Yes,Protected spring,,1999,,,,010-00635,UGA,Uganda,Northern,Protected Well,Well,,Improved,Community Management,"Functional, needs repair",1,2020-01-01T00:00:00.000,Fees collected – basis unknown,,Ministry of Water and Environment_Uganda_2009
8294,"Ministry of Water and Environment, Uganda",2010-04-28T00:00:00.000,Yes,Protected spring,,,,,,010-00674,UGA,Uganda,Northern,Protected Well,Well,,Improved,Community Management,"Functional, needs repair",1,2020-01-01T00:00:00.000,Fees collected – basis unknown,,Ministry of Water and Environment_Uganda_2009
13030,"Ministry of Water and Environment, Uganda",2010-05-09T00:00:00.000,Yes,Protected spring,,1996,,,,072-00887,UGA,Uganda,Northern,Protected Well,Well,,Improved,Community Management,"Functional, needs repair",1,2020-01-01T00:00:00.000,Fees collected – basis unknown,,Ministry of Water and Environment_Uganda_2009
11597,"Ministry of Water and Environment, Uganda",2010-05-08T00:00:00.000,Yes,Deep borehole,,2005,,,,072-00667,UGA,Uganda,Northern,Borehole/Tubewell,Well,Hand Pump - Afridev,Improved,Community Management,"Functional, needs repair",1,2020-01-01T00:00:00.000,Fees collected – basis unknown,,Ministry of Water and Environment_Uganda_2009
12783,"Ministry of Water and Environment, Uganda",2010-05-09T00:00:00.000,Yes,Shallow well,,2002,,,,072-00846,UGA,Uganda,Northern,Undefined Well,Well,,Unknown,Community Management,"Functional, needs repair",1,2020-01-01T00:00:00.000,Fees collected – basis unknown,,Ministry of Water and Environment_Uganda_2009
11068,Water For People,2005-09-07T00:00:00.000,Yes,,Protected Spring,,,,,,UGA,Uganda,Western,Protected Well,Well,,Improved,,Functional,1,2022-02-18T05:36:33.000,,,Water For People_Global_2017-2020
12026,"Ministry of Water and Environment, Uganda",2010-05-08T00:00:00.000,Yes,Rainwater Harvest Tank,,2009,,,,072-00730,UGA,Uganda,Northern,Rainwater Harvesting,Rainwater Harvesting,,Improved,Community Management,"Functional, needs repair",1,2020-01-01T00:00:00.000,,,Ministry of Water and Environment_Uganda_2009
11332,Water For People,2005-09-07T00:00:00.000,Yes,,Protected Shallow Well,,,,,,UGA,Uganda,Western,Undefined Well,Well,,Unknown,,Functional,1,2022-02-18T05:36:33.000,,,Water For People_Global_2017-2020
7976,Water For People,2019-03-19T00:00:00.000,No,,Protected deep borehole,,,,,,UGA,Uganda,Western,Borehole/Tubewell,Well,,Improved,,Non-Functional,1,2022-02-18T05:36:33.000,,,Water For People_Global_2017-2020
10323,"Ministry of Water and Environment, Uganda",2010-04-27T00:00:00.000,No,Rainwater Harvest Tank,,1988,,,,010-01087,UGA,Uganda,Northern,Rainwater Harvesting,Rainwater Harvesting,,Improved,Other Institutional Management,Non-Functional,1,2020-01-01T00:00:00.000,,,Ministry of Water and Environment_Uganda_2009
10674,Water For People,2018-03-02T00:00:00.000,Yes,,Gravity Fed System|Kiosk or Public stand Post,,,,,,UGA,Uganda,Western,,,Public Tapstand,Improved,,Functional,1,2022-02-18T05:36:33.000,,,Water For People_Global_2017-2020
8145,Water For People,2005-09-07T00:00:00.000,Yes,,Protected Spring,,,,,,UGA,Uganda,Western,Protected Well,Well,,Improved,,Functional,1,2022-02-18T05:36:33.000,,,Water For People_Global_2017-2020
10721,"Ministry of Water and Environment, Uganda",2010-04-29T00:00:00.000,No,Deep borehole,,2005,,,,010-01145,UGA,Uganda,Northern,Borehole/Tubewell,Well,Hand Pump - Afridev,Improved,Community Management,Non-Functional,1,2020-01-01T00:00:00.000,,Bad taste,Ministry of Water and Environment_Uganda_2009
10061,Water For People,2019-03-18T00:00:00.000,No,,Gravity Fed system,,,,Present,,UGA,Uganda,Western,Surface Water (River/Stream/Lake/Pond/Dam),Surface Water,,No facilities,,Non-Functional,1,2022-02-18T05:36:33.000,,,Water For People_Global_2017-2020
10138,"Ministry of Water and Environment, Uganda",2010-04-27T00:00:00.000,Yes,Deep borehole,,1989,,,,010-01048,UGA,Uganda,Northern,Borehole/Tubewell,Well,Hand Pump - Afridev,Improved,Community Management,"Functional, needs repair",1,2020-01-01T00:00:00.000,Fees collected – basis unknown,,Ministry of Water and Environment_Uganda_2009
10772,Water For People,2019-03-18T00:00:00.000,Yes,,Protected Shallow Well,,,,,,UGA,Uganda,Western,Undefined Well,Well,,Unknown,,Functional,1,2022-02-18T05:36:33.000,,,Water For People_Global_2017-2020
9418,"Ministry of Water and Environment, Uganda",2010-04-28T00:00:00.000,Yes,Protected spring,,1989,,,,010-00889,UGA,Uganda,Northern,Protected Well,Well,,Improved,Community Management,"Functional, needs repair",1,2020-01-01T00:00:00.000,,,Ministry of Water and Environment_Uganda_2009
10239,"Ministry of Water and Environment, Uganda",2010-04-27T00:00:00.000,No,Public Stand Post,,2008,,,,010-01068,UGA,Uganda,Northern,,,Public Tapstand,Improved,Community Management,Non-Functional,1,2020-01-01T00:00:00.000,,,Ministry of Water and Environment_Uganda_2009
10787,Water For People,2005-09-07T00:00:00.000,Yes,,Pumped Piped System|Public Stand Post,,,,,,UGA,Uganda,Western,Piped Water,Piped Water,Public Tapstand,Improved,,Functional,1,2022-02-18T05:36:33.000,,,Water For People_Global_2017-2020
10864,"Ministry of Water and Environment, Uganda",2013-08-06T00:00:00.000,Yes,Deep borehole,,2013,,,,010-01942,UGA,Uganda,Northern,Borehole/Tubewell,Well,Hand Pump - Afridev,Improved,Community Management,"Functional, needs repair",1,2020-01-01T00:00:00.000,Fees collected – basis unknown,,Ministry of Water and Environment_Uganda_2009
11480,"Ministry of Water and Environment, Uganda",2010-05-08T00:00:00.000,Yes,Deep borehole,,1991,,,,072-00650,UGA,Uganda,Northern,Borehole/Tubewell,Well,Hand Pump - Afridev,Improved,Community Management,"Functional, needs repair",1,2020-01-01T00:00:00.000,Fees collected – basis unknown,,Ministry of Water and Environment_Uganda_2009
9584,"Ministry of Water and Environment, Uganda",2010-04-23T00:00:00.000,Yes,Deep borehole,,2002,,,,010-00971,UGA,Uganda,Northern,Borehole/Tubewell,Well,Hand Pump - Afridev,Improved,Community Management,"Functional, needs repair",1,2020-01-01T00:00:00.000,Fees collected – basis unknown,,Ministry of Water and Environment_Uganda_2009
10875,"Ministry of Water and Environment, Uganda",2010-04-29T00:00:00.000,Yes,Deep borehole,,1983,,,,010-01166,UGA,Uganda,Northern,Borehole/Tubewell,Well,Hand Pump - Afridev,Improved,Community Management,"Functional, needs repair",1,2020-01-01T00:00:00.000,Fees collected – basis unknown,,Ministry of Water and Environment_Uganda_2009
11424,"Ministry of Water and Environment, Uganda",2010-05-08T00:00:00.000,Yes,Deep borehole,,1995,,,,072-00643,UGA,Uganda,Northern,Borehole/Tubewell,Well,Hand Pump - Afridev,Improved,Community Management,"Functional, needs repair",1,2020-01-01T00:00:00.000,,,Ministry of Water and Environment_Uganda_2009
10006,Water For People,2005-09-07T00:00:00.000,Yes,,Protected Shallow Well,,,,,,UGA,Uganda,Western,Undefined Well,Well,,Unknown,,Functional,1,2022-02-18T05:36:33.000,,,Water For People_Global_2017-2020
13138,Water For People,2018-02-27T00:00:00.000,Yes,,Gravity Fed System|Kiosk or Public stand Post,,,,Present,,UGA,Uganda,Western,,,Public Tapstand,Improved,,Functional,1,2022-02-18T05:36:33.000,,,Water For People_Global_2017-2020
9256,Water For People,2020-02-14T00:00:00.000,No,,Protected deep borehole,,,,Present,,UGA,Uganda,Eastern,Borehole/Tubewell,Well,,Improved,,Non-Functional,1,2022-02-18T05:36:33.000,,,Water For People_Global_2017-2020
13436,"Ministry of Water and Environment, Uganda",2010-05-08T00:00:00.000,Yes,Deep borehole,,2007,,,,072-00970,UGA,Uganda,Northern,Borehole/Tubewell,Well,Hand Pump - Afridev,Improved,Community Management,"Functional, needs repair",1,2020-01-01T00:00:00.000,Fees collected – basis unknown,,Ministry of Water and Environment_Uganda_2009
12021,"Ministry of Water and Environment, Uganda",2010-05-08T00:00:00.000,Yes,Deep borehole,,1954,,,,072-00729,UGA,Uganda,Northern,Borehole/Tubewell,Well,Hand Pump - Afridev,Improved,Community Management,"Functional, needs repair",1,2020-01-01T00:00:00.000,Fees collected – basis unknown,,Ministry of Water and Environment_Uganda_2009
12786,Water For People,2005-09-07T00:00:00.000,No,,Protected Shallow Well,,,,,,UGA,Uganda,Western,Undefined Well,Well,,Unknown,,Non-Functional,1,2022-02-18T05:36:33.000,,,Water For People_Global_2017-2020
11371,"Ministry of Water and Environment, Uganda",2010-04-23T00:00:00.000,Yes,Deep borehole,,2005,,,,010-01275,UGA,Uganda,Northern,Borehole/Tubewell,Well,Hand Pump - Afridev,Improved,Community Management,"Functional, needs repair",1,2020-01-01T00:00:00.000,,,Ministry of Water and Environment_Uganda_2009
9672,Water For People,2020-02-18T00:00:00.000,Yes,,Protected deep borehole,,,,Present,,UGA,Uganda,Eastern,Borehole/Tubewell,Well,,Improved,,Functional,1,2022-02-18T05:36:33.000,,,Water For People_Global_2017-2020
10412,"Ministry of Water and Environment, Uganda",2010-04-27T00:00:00.000,Yes,Deep borehole,,1989,,,,010-01105,UGA,Uganda,Northern,Borehole/Tubewell,Well,Hand Pump - Afridev,Improved,Community Management,"Functional, needs repair",1,2020-01-01T00:00:00.000,Fees collected – basis unknown,,Ministry of Water and Environment_Uganda_2009
9662,"Ministry of Water and Environment, Uganda",2010-04-24T00:00:00.000,Yes,Deep borehole,,2001,,,,010-01242,UGA,Uganda,Northern,Borehole/Tubewell,Well,Hand Pump - Afridev,Improved,Other Institutional Management,"Functional, not in use",1,2020-01-01T00:00:00.000,,,Ministry of Water and Environment_Uganda_2009
11073,Water For People,2005-09-07T00:00:00.000,Yes,,Protected Shallow Well,,,,,,UGA,Uganda,Western,Undefined Well,Well,,Unknown,,Functional,1,2022-02-18T05:36:33.000,,,Water For People_Global_2017-2020
11160,"Ministry of Water and Environment, Uganda",2010-04-24T00:00:00.000,Yes,Deep borehole,,2007,,,,010-01228,UGA,Uganda,Northern,Borehole/Tubewell,Well,Hand Pump - Afridev,Improved,Community Management,"Functional, not in use",1,2020-01-01T00:00:00.000,,Bad color,Ministry of Water and Environment_Uganda_2009
12378,Water For People,2020-02-24T00:00:00.000,Yes,,Protected Spring,,,,Present,,UGA,Uganda,Eastern,Protected Well,Well,,Improved,,Functional,1,2022-02-18T05:36:33.000,,,Water For People_Global_2017-2020
8860,Water For People,2020-02-24T00:00:00.000,Yes,,Protected Shallow Well,,,,Present,,UGA,Uganda,Eastern,Undefined Well,Well,,Unknown,,Functional,1,2022-02-18T05:36:33.000,,,Water For People_Global_2017-2020
8411,"Ministry of Water and Environment, Uganda",2010-04-28T00:00:00.000,Yes,Deep borehole,,2007,,,,010-00693,UGA,Uganda,Northern,Borehole/Tubewell,Well,Hand Pump - Afridev,Improved,Community Management,"Functional, needs repair",1,2020-01-01T00:00:00.000,Fees collected – basis unknown,,Ministry of Water and Environment_Uganda_2009
12191,Water For People,2018-03-01T00:00:00.000,Yes,,Gravity Fed System|Kiosk or Public stand Post,,,,Present,,UGA,Uganda,Western,,,Public Tapstand,Improved,,Functional,1,2022-02-18T05:36:33.000,,,Water For People_Global_2017-2020
8626,"Ministry of Water and Environment, Uganda",2010-04-29T00:00:00.000,Yes,Protected spring,,1990,,,,010-00735,UGA,Uganda,Northern,Protected Well,Well,,Improved,Community Management,"Functional, needs repair",1,2020-01-01T00:00:00.000,,,Ministry of Water and Environment_Uganda_2009
12485,Water For People,2005-09-07T00:00:00.000,Yes,,Gravity Fed System|Public Stand Post,,,,,,UGA,Uganda,Western,,,Public Tapstand,Improved,,Functional,1,2022-02-18T05:36:33.000,,,Water For People_Global_2017-2020
10609,"Ministry of Water and Environment, Uganda",2010-04-29T00:00:00.000,Yes,Deep borehole,,1991,,,,010-01120,UGA,Uganda,Northern,Borehole/Tubewell,Well,Hand Pump - Afridev,Improved,Community Management,"Functional, needs repair",1,2020-01-01T00:00:00.000,Fees collected – basis unknown,,Ministry of Water and Environment_Uganda_2009
12406,Water For People,2018-02-27T00:00:00.000,Yes,,Protected Shallow Well,,,,,,UGA,Uganda,Western,Undefined Well,Well,,Unknown,,Functional,1,2022-02-18T05:36:33.000,,,Water For People_Global_2017-2020
13511,"Ministry of Water and Environment, Uganda",2010-05-07T00:00:00.000,Yes,Deep borehole,,1996,,,,072-00983,UGA,Uganda,Northern,Borehole/Tubewell,Well,Hand Pump - Afridev,Improved,Community Management,"Functional, needs repair",1,2020-01-01T00:00:00.000,Fees collected – basis unknown,,Ministry of Water and Environment_Uganda_2009
9726,"Ministry of Water and Environment, Uganda",2010-04-22T00:00:00.000,Yes,Deep borehole,,1960,,,,010-00908,UGA,Uganda,Northern,Borehole/Tubewell,Well,Hand Pump - Afridev,Improved,Community Management,"Functional, needs repair",1,2020-01-01T00:00:00.000,Fees collected – basis unknown,,Ministry of Water and Environment_Uganda_2009
10733,"Ministry of Water and Environment, Uganda",2010-04-29T00:00:00.000,No,Deep borehole,,1991,,,,010-01149,UGA,Uganda,Northern,Borehole/Tubewell,Well,Hand Pump - Afridev,Improved,Community Management,Non-Functional,1,2020-01-01T00:00:00.000,,,Ministry of Water and Environment_Uganda_2009
10338,"Ministry of Water and Environment, Uganda",2010-09-29T00:00:00.000,Yes,Deep borehole,,,,,,010-01090,UGA,Uganda,Northern,Borehole/Tubewell,Well,Hand Pump - Afridev,Improved,Community Management,"Functional, needs repair",1,2020-01-01T00:00:00.000,Fees collected – basis unknown,,Ministry of Water and Environment_Uganda_2009
11307,Water For People,2019-03-20T00:00:00.000,Yes,,Pumped piped system,,,,Present,,UGA,Uganda,Western,Surface Water (River/Stream/Lake/Pond/Dam),Surface Water,,No facilities,,Functional,1,2022-02-18T05:36:33.000,,,Water For People_Global_2017-2020
10982,"Ministry of Water and Environment, Uganda",2010-04-24T00:00:00.000,Yes,Deep borehole,,1994,,,,010-01186,UGA,Uganda,Northern,Borehole/Tubewell,Well,Hand Pump - Afridev,Improved,Community Management,"Functional, needs repair",1,2020-01-01T00:00:00.000,,,Ministry of Water and Environment_Uganda_2009
9479,"Ministry of Water and Environment, Uganda",2010-04-23T00:00:00.000,No,Rainwater Harvest Tank,,2008,,,,010-00958,UGA,Uganda,Northern,Rainwater Harvesting,Rainwater Harvesting,,Improved,Other Institutional Management,Non-Functional,1,2020-01-01T00:00:00.000,,,Ministry of Water and Environment_Uganda_2009
12001,Water For People,2019-03-22T00:00:00.000,Yes,,Pumped piped system,,,,Present,,UGA,Uganda,Western,Surface Water (River/Stream/Lake/Pond/Dam),Surface Water,,No facilities,,Functional,1,2022-02-18T05:36:33.000,,,Water For People_Global_2017-2020
13694,"Ministry of Water and Environment, Uganda",2010-05-08T00:00:00.000,No,Rainwater Harvest Tank,,2007,,,,072-01013,UGA,Uganda,Northern,Rainwater Harvesting,Rainwater Harvesting,,Improved,Other Institutional Management,Non-Functional,1,2020-01-01T00:00:00.000,,,Ministry of Water and Environment_Uganda_2009
8494,Water For People,2005-09-07T00:00:00.000,No,,Protected Spring,,,,,,UGA,Uganda,Western,Protected Well,Well,,Improved,,Non-Functional,1,2022-02-18T05:36:33.000,,,Water For People_Global_2017-2020
9797,Water For People,2019-03-19T00:00:00.000,Yes,,Protected Shallow Well,,,,Present,,UGA,Uganda,Western,Undefined Well,Well,,Unknown,,Functional,1,2022-02-18T05:36:33.000,,,Water For People_Global_2017-2020
12265,"Ministry of Water and Environment, Uganda",2010-05-08T00:00:00.000,Yes,Rainwater Harvest Tank,,2005,,,,072-00766,UGA,Uganda,Northern,Rainwater Harvesting,Rainwater Harvesting,,Improved,Other Institutional Management,"Functional, needs repair",1,2020-01-01T00:00:00.000,,,Ministry of Water and Environment_Uganda_2009
13649,Water For People,2005-09-07T00:00:00.000,Yes,,Gravity Fed System|Public Stand Post,,,,,,UGA,Uganda,Western,,,Public Tapstand,Improved,,Functional,1,2022-02-18T05:36:33.000,,,Water For People_Global_2017-2020
13651,Water For People,2018-03-01T00:00:00.000,Yes,,Pumped Piped System|Kiosk or Public stand Post,,,,,,UGA,Uganda,Western,Piped Water,Piped Water,Public Tapstand,Improved,,Functional,1,2022-02-18T05:36:33.000,,,Water For People_Global_2017-2020
8036,Water For People,2019-03-20T00:00:00.000,Yes,,Protected deep borehole,,,,Present,,UGA,Uganda,Western,Borehole/Tubewell,Well,,Improved,,Functional,1,2022-02-18T05:36:33.000,,,Water For People_Global_2017-2020
8873,Water For People,2018-02-26T00:00:00.000,Yes,,Protected Shallow Well,,,,Present,,UGA,Uganda,Western,Undefined Well,Well,,Unknown,,Functional,1,2022-02-18T05:36:33.000,,,Water For People_Global_2017-2020
10074,"Ministry of Water and Environment, Uganda",2010-04-30T00:00:00.000,No,Deep borehole,,2006,,,,010-01017,UGA,Uganda,Northern,Borehole/Tubewell,Well,Hand Pump - Afridev,Improved,Community Management,Non-Functional,1,2020-01-01T00:00:00.000,Fees collected – basis unknown,,Ministry of Water and Environment_Uganda_2009
11137,"Ministry of Water and Environment, Uganda",2010-04-24T00:00:00.000,Yes,Deep borehole,,2007,,,,010-01220,UGA,Uganda,Northern,Borehole/Tubewell,Well,Hand Pump - Afridev,Improved,Community Management,"Functional, needs repair",1,2020-01-01T00:00:00.000,Fees collected – basis unknown,,Ministry of Water and Environment_Uganda_2009
11224,Water For People,2005-09-07T00:00:00.000,Yes,,Protected Shallow Well,,,,,,UGA,Uganda,Western,Undefined Well,Well,,Unknown,,Functional,1,2022-02-18T05:36:33.000,,,Water For People_Global_2017-2020
9054,Water For People,2005-09-07T00:00:00.000,Yes,,Protected Shallow Well,,,,,,UGA,Uganda,Western,Undefined Well,Well,,Unknown,,Functional,1,2022-02-18T05:36:33.000,,,Water For People_Global_2017-2020
9857,Water For People,2005-09-07T00:00:00.000,Yes,,Protected Shallow Well,,,,,,UGA,Uganda,Western,Undefined Well,Well,,Unknown,,Functional,1,2022-02-18T05:36:33.000,,,Water For People_Global_2017-2020
8640,Water For People,2019-03-20T00:00:00.000,Yes,,Protected deep borehole,,,,,,UGA,Uganda,Western,Borehole/Tubewell,Well,,Improved,,Functional,1,2022-02-18T05:36:33.000,,,Water For People_Global_2017-2020
12814,Water For People,2005-09-07T00:00:00.000,Yes,,Gravity Fed System|Public Stand Post,,,,,,UGA,Uganda,Western,,,Public Tapstand,Improved,,Functional,1,2022-02-18T05:36:33.000,,,Water For People_Global_2017-2020
10106,Water For People,2020-02-21T00:00:00.000,Yes,,Protected deep borehole,,,,Present,,UGA,Uganda,Eastern,Borehole/Tubewell,Well,,Improved,,Functional,1,2022-02-18T05:36:33.000,,,Water For People_Global_2017-2020
10387,"Ministry of Water and Environment, Uganda",2010-04-27T00:00:00.000,Yes,Shallow well,,1993,,,,010-01098,UGA,Uganda,Northern,Undefined Well,Well,,Unknown,Community Management,"Functional, needs repair",1,2020-01-01T00:00:00.000,Fees collected – basis unknown,,Ministry of Water and Environment_Uganda_2009
13149,"Ministry of Water and Environment, Uganda",2010-05-09T00:00:00.000,Yes,Deep borehole,,1996,,,,072-00912,UGA,Uganda,Northern,Borehole/Tubewell,Well,Hand Pump - Afridev,Improved,Community Management,"Functional, needs repair",1,2020-01-01T00:00:00.000,Fees collected – basis unknown,,Ministry of Water and Environment_Uganda_2009
12938,Water For People,2005-09-07T00:00:00.000,No,,Protected Shallow Well,,,,,,UGA,Uganda,Western,Undefined Well,Well,,Unknown,,Non-Functional,1,2022-02-18T05:36:33.000,,,Water For People_Global_2017-2020
11251,Water For People,2020-02-22T00:00:00.000,No,,Protected deep borehole,,,,Present,,UGA,Uganda,Eastern,Borehole/Tubewell,Well,,Improved,,Non-Functional,1,2022-02-18T05:36:33.000,,,Water For People_Global_2017-2020
11962,Water For People,2005-09-07T00:00:00.000,Yes,,Protected Deep Borehole,,,,,,UGA,Uganda,Western,Borehole/Tubewell,Well,,Improved,,Functional,1,2022-02-18T05:36:33.000,,,Water For People_Global_2017-2020
10551,"Ministry of Water and Environment, Uganda",2010-04-29T00:00:00.000,No,Shallow well,,2002,,,,010-01008,UGA,Uganda,Northern,Undefined Well,Well,,Unknown,Community Management,Non-Functional,1,2020-01-01T00:00:00.000,Fees collected – basis unknown,,Ministry of Water and Environment_Uganda_2009
9929,"Ministry of Water and Environment, Uganda",2010-04-23T00:00:00.000,Yes,Rainwater Harvest Tank,,2008,,,,010-00952,UGA,Uganda,Northern,Rainwater Harvesting,Rainwater Harvesting,,Improved,Other Institutional Management,"Functional, needs repair",1,2020-01-01T00:00:00.000,,,Ministry of Water and Environment_Uganda_2009
11219,"Ministry of Water and Environment, Uganda",2010-04-23T00:00:00.000,Yes,Deep borehole,,2003,,,,010-01250,UGA,Uganda,Northern,Borehole/Tubewell,Well,Hand Pump - Afridev,Improved,Community Management,"Functional, needs repair",1,2020-01-01T00:00:00.000,,,Ministry of Water and Environment_Uganda_2009
10025,Water For People,2005-09-07T00:00:00.000,Yes,,Protected Deep Borehole,,,,,,UGA,Uganda,Western,Borehole/Tubewell,Well,,Improved,,Functional,1,2022-02-18T05:36:33.000,,,Water For People_Global_2017-2020
9329,"Ministry of Water and Environment, Uganda",2010-04-27T00:00:00.000,Yes,Protected spring,,1989,,,,010-00866,UGA,Uganda,Northern,Protected Well,Well,,Improved,Community Management,"Functional, needs repair",1,2020-01-01T00:00:00.000,,,Ministry of Water and Environment_Uganda_2009
10377,"Ministry of Water and Environment, Uganda",2010-04-27T00:00:00.000,Yes,Deep borehole,,2007,,,,010-01096,UGA,Uganda,Northern,Borehole/Tubewell,Well,Hand Pump - Afridev,Improved,Community Management,"Functional, needs repair",1,2020-01-01T00:00:00.000,Fees collected – basis unknown,,Ministry of Water and Environment_Uganda_2009
10538,Water For People,2019-03-21T00:00:00.000,Yes,,Protected Shallow Well,,,,,,UGA,Uganda,Western,Undefined Well,Well,,Unknown,,Functional,1,2022-02-18T05:36:33.000,,,Water For People_Global_2017-2020
13419,"Ministry of Water and Environment, Uganda",2010-05-08T00:00:00.000,No,Public Stand Post,,1998,,,,072-00965,UGA,Uganda,Northern,,,Public Tapstand,Improved,Other,Non-Functional,1,2020-01-01T00:00:00.000,,,Ministry of Water and Environment_Uganda_2009
12054,"Ministry of Water and Environment, Uganda",2010-05-08T00:00:00.000,Yes,Deep borehole,,2003,,,,072-00734,UGA,Uganda,Northern,Borehole/Tubewell,Well,Hand Pump - Afridev,Improved,Community Management,"Functional, needs repair",1,2020-01-01T00:00:00.000,Fees collected – basis unknown,,Ministry of Water and Environment_Uganda_2009
8944,"Ministry of Water and Environment, Uganda",2010-04-27T00:00:00.000,Yes,Protected spring,,1990,,,,010-00806,UGA,Uganda,Northern,Protected Well,Well,,Improved,Community Management,"Functional, needs repair",1,2020-01-01T00:00:00.000,,,Ministry of Water and Environment_Uganda_2009
12963,"Ministry of Water and Environment, Uganda",2010-05-09T00:00:00.000,Yes,Protected spring,,,,,,072-00873,UGA,Uganda,Northern,Protected Well,Well,,Improved,Community Management,"Functional, needs repair",1,2020-01-01T00:00:00.000,Fees collected – basis unknown,,Ministry of Water and Environment_Uganda_2009
8364,"Ministry of Water and Environment, Uganda",2010-04-28T00:00:00.000,No,Protected spring,,1995,,,,010-00688,UGA,Uganda,Northern,Protected Well,Well,,Improved,Community Management,Non-Functional,1,2020-01-01T00:00:00.000,,,Ministry of Water and Environment_Uganda_2009
9694,Water For People,2005-09-07T00:00:00.000,Yes,,Protected Shallow Well,,,,,,UGA,Uganda,Western,Undefined Well,Well,,Unknown,,Functional,1,2022-02-18T05:36:33.000,,,Water For People_Global_2017-2020
11202,"Ministry of Water and Environment, Uganda",2010-04-23T00:00:00.000,Yes,Deep borehole,,2007,,,,010-01246,UGA,Uganda,Northern,Borehole/Tubewell,Well,Hand Pump - Afridev,Improved,Community Management,"Functional, needs repair",1,2020-01-01T00:00:00.000,,,Ministry of Water and Environment_Uganda_2009
7985,"Ministry of Water and Environment, Uganda",2010-04-28T00:00:00.000,Yes,Deep borehole,,1994,,,,010-00604,UGA,Uganda,Northern,Borehole/Tubewell,Well,Hand Pump - Afridev,Improved,Community Management,"Functional, needs repair",1,2020-01-01T00:00:00.000,Fees collected – basis unknown,,Ministry of Water and Environment_Uganda_2009
11090,Water For People,2005-09-07T00:00:00.000,No,,Protected Shallow Well,,,,,,UGA,Uganda,Western,Undefined Well,Well,,Unknown,,Non-Functional,1,2022-02-18T05:36:33.000,,,Water For People_Global_2017-2020
13543,"Ministry of Water and Environment, Uganda",2010-05-07T00:00:00.000,No,Protected spring,,1999,,,,072-00990,UGA,Uganda,Northern,Protected Well,Well,,Improved,Community Management,Non-Functional,1,2020-01-01T00:00:00.000,,,Ministry of Water and Environment_Uganda_2009
8477,"Ministry of Water and Environment, Uganda",2010-04-28T00:00:00.000,Yes,Protected spring,,2000,,,,010-00706,UGA,Uganda,Northern,Protected Well,Well,,Improved,Community Management,"Functional, needs repair",1,2020-01-01T00:00:00.000,,,Ministry of Water and Environment_Uganda_2009
11214,"Ministry of Water and Environment, Uganda",2010-04-23T00:00:00.000,No,Rainwater Harvest Tank,,2006,,,,010-01249,UGA,Uganda,Northern,Rainwater Harvesting,Rainwater Harvesting,,Improved,Community Management,Non-Functional,1,2020-01-01T00:00:00.000,Fees collected – basis unknown,,Ministry of Water and Environment_Uganda_2009
12238,Water For People,2005-09-07T00:00:00.000,Yes,,Protected Shallow Well,,,,,,UGA,Uganda,Western,Undefined Well,Well,,Unknown,,Functional,1,2022-02-18T05:36:33.000,,,Water For People_Global_2017-2020
11449,Water For People,2020-02-19T00:00:00.000,Yes,,Protected deep borehole,,,,Present,,UGA,Uganda,Eastern,Borehole/Tubewell,Well,,Improved,,Functional,1,2022-02-18T05:36:33.000,,,Water For People_Global_2017-2020
9793,"Ministry of Water and Environment, Uganda",2010-04-22T00:00:00.000,Yes,Deep borehole,,2009,,,,010-00923,UGA,Uganda,Northern,Borehole/Tubewell,Well,Hand Pump - Afridev,Improved,Community Management,"Functional, needs repair",1,2020-01-01T00:00:00.000,Fees collected – basis unknown,,Ministry of Water and Environment_Uganda_2009
11976,Water For People,2020-02-19T00:00:00.000,No,,Protected deep borehole,,,,,,UGA,Uganda,Eastern,Borehole/Tubewell,Well,,Improved,,Non-Functional,1,2022-02-18T05:36:33.000,,,Water For People_Global_2017-2020
9368,"Ministry of Water and Environment, Uganda",2010-04-27T00:00:00.000,Yes,Protected spring,,1989,,,,010-00877,UGA,Uganda,Northern,Protected Well,Well,,Improved,Community Management,"Functional, needs repair",1,2020-01-01T00:00:00.000,,,Ministry of Water and Environment_Uganda_2009
11122,Water For People,2005-09-07T00:00:00.000,Yes,,Protected Shallow Well,,,,,,UGA,Uganda,Western,Undefined Well,Well,,Unknown,,Functional,1,2022-02-18T05:36:33.000,,,Water For People_Global_2017-2020
13213,"Ministry of Water and Environment, Uganda",2012-08-23T00:00:00.000,Yes,Deep borehole,,2012,,,,010-01908,UGA,Uganda,Northern,Borehole/Tubewell,Well,Hand Pump - Afridev,Improved,Community Management,"Functional, needs repair",1,2020-01-01T00:00:00.000,Fees collected – basis unknown,,Ministry of Water and Environment_Uganda_2009
13052,"Ministry of Water and Environment, Uganda",2010-05-09T00:00:00.000,Yes,Protected spring,,1997,,,,072-00894,UGA,Uganda,Northern,Protected Well,Well,,Improved,Community Management,"Functional, needs repair",1,2020-01-01T00:00:00.000,,,Ministry of Water and Environment_Uganda_2009
12177,Water For People,2005-09-07T00:00:00.000,Yes,,Protected Spring,,,,,,UGA,Uganda,Western,Protected Well,Well,,Improved,,Functional,1,2022-02-18T05:36:33.000,,,Water For People_Global_2017-2020
13035,"Ministry of Water and Environment, Uganda",2010-07-02T00:00:00.000,Yes,Protected spring,,1994,,,,072-00889,UGA,Uganda,Northern,Protected Well,Well,,Improved,Community Management,"Functional, needs repair",1,2020-01-01T00:00:00.000,Fees collected – basis unknown,,Ministry of Water and Environment_Uganda_2009
10459,"Ministry of Water and Environment, Uganda",2010-04-27T00:00:00.000,No,Deep borehole,,2009,,,,010-01115,UGA,Uganda,Northern,Borehole/Tubewell,Well,Hand Pump - Afridev,Improved,Community Management,Non-Functional,1,2020-01-01T00:00:00.000,,,Ministry of Water and Environment_Uganda_2009
11757,"Ministry of Water and Environment, Uganda",2012-08-20T00:00:00.000,Yes,Deep borehole,,2012,,,,010-01881,UGA,Uganda,Northern,Borehole/Tubewell,Well,Hand Pump - Afridev,Improved,Community Management,"Functional, needs repair",1,2020-01-01T00:00:00.000,Fees collected – basis unknown,,Ministry of Water and Environment_Uganda_2009
11339,"Ministry of Water and Environment, Uganda",2011-09-05T00:00:00.000,Yes,Deep borehole,,2011,,,,010-01271,UGA,Uganda,Northern,Borehole/Tubewell,Well,Hand Pump - Afridev,Improved,Community Management,"Functional, needs repair",1,2020-01-01T00:00:00.000,Fees collected – basis unknown,,Ministry of Water and Environment_Uganda_2009
9593,Water For People,2005-09-07T00:00:00.000,Yes,,Gravity Fed System|Public Stand Post,,,,,,UGA,Uganda,Western,,,Public Tapstand,Improved,,Functional,1,2022-02-18T05:36:33.000,,,Water For People_Global_2017-2020
13089,Water For People,2005-09-07T00:00:00.000,Yes,,Protected Deep Borehole,,,,,,UGA,Uganda,Western,Borehole/Tubewell,Well,,Improved,,Functional,1,2022-02-18T05:36:33.000,,,Water For People_Global_2017-2020
11246,"Ministry of Water and Environment, Uganda",2010-04-23T00:00:00.000,Yes,Deep borehole,,2005,,,,010-01255,UGA,Uganda,Northern,Borehole/Tubewell,Well,Hand Pump - Afridev,Improved,Community Management,"Functional, needs repair",1,2020-01-01T00:00:00.000,Fees collected – basis unknown,,Ministry of Water and Environment_Uganda_2009
11614,"Ministry of Water and Environment, Uganda",2010-06-17T00:00:00.000,No,Deep borehole,,2008,,,,072-00672,UGA,Uganda,Northern,Borehole/Tubewell,Well,Hand Pump - Afridev,Improved,Community Management,Non-Functional,1,2020-01-01T00:00:00.000,Fees collected – basis unknown,,Ministry of Water and Environment_Uganda_2009
13159,"Ministry of Water and Environment, Uganda",2010-05-09T00:00:00.000,Yes,Protected spring,,1995,,,,072-00913,UGA,Uganda,Northern,Protected Well,Well,,Improved,Community Management,"Functional, not in use",1,2020-01-01T00:00:00.000,,,Ministry of Water and Environment_Uganda_2009
13181,"Ministry of Water and Environment, Uganda",2010-05-09T00:00:00.000,No,Deep borehole,,1997,,,,072-00919,UGA,Uganda,Northern,Borehole/Tubewell,Well,Hand Pump - Afridev,Improved,Community Management,Non-Functional,1,2020-01-01T00:00:00.000,Fees collected – basis unknown,,Ministry of Water and Environment_Uganda_2009
12514,Water For People,2005-09-07T00:00:00.000,Yes,,Protected Shallow Well,,,,,,UGA,Uganda,Western,Undefined Well,Well,,Unknown,,Functional,1,2022-02-18T05:36:33.000,,,Water For People_Global_2017-2020
10116,"Ministry of Water and Environment, Uganda",2010-04-27T00:00:00.000,Yes,Deep borehole,,1989,,,,010-01041,UGA,Uganda,Northern,Borehole/Tubewell,Well,Hand Pump - Afridev,Improved,Community Management,"Functional, needs repair",1,2020-01-01T00:00:00.000,Fees collected – basis unknown,,Ministry of Water and Environment_Uganda_2009
8887,Water For People,2019-03-23T00:00:00.000,Yes,,Protected Shallow Well,,,,,,UGA,Uganda,Western,Undefined Well,Well,,Unknown,,Functional,1,2022-02-18T05:36:33.000,,,Water For People_Global_2017-2020
13408,"Ministry of Water and Environment, Uganda",2010-05-08T00:00:00.000,Yes,Deep borehole,,1995,,,,072-00963,UGA,Uganda,Northern,Borehole/Tubewell,Well,Hand Pump - Afridev,Improved,Community Management,"Functional, needs repair",1,2020-01-01T00:00:00.000,Fees collected – basis unknown,,Ministry of Water and Environment_Uganda_2009
12052,Water For People,2020-02-15T00:00:00.000,Yes,,Protected Shallow Well,,,,Present,,UGA,Uganda,Eastern,Undefined Well,Well,,Unknown,,Functional,1,2022-02-18T05:36:33.000,,,Water For People_Global_2017-2020
10212,Water For People,2020-02-24T00:00:00.000,No,,Protected Shallow Well,,,,Present,,UGA,Uganda,Eastern,Undefined Well,Well,,Unknown,,Non-Functional,1,2022-02-18T05:36:33.000,,,Water For People_Global_2017-2020
8927,"Ministry of Water and Environment, Uganda",2010-04-28T00:00:00.000,Yes,Deep borehole,,1940,,,,010-00801,UGA,Uganda,Northern,Borehole/Tubewell,Well,Hand Pump - Afridev,Improved,Community Management,"Functional, needs repair",1,2020-01-01T00:00:00.000,Fees collected – basis unknown,,Ministry of Water and Environment_Uganda_2009
8200,"Ministry of Water and Environment, Uganda",2010-04-28T00:00:00.000,Yes,Deep borehole,,1994,,,,010-00659,UGA,Uganda,Northern,Borehole/Tubewell,Well,Hand Pump - Afridev,Improved,Private Operator/Delegated Management,"Functional, needs repair",1,2020-01-01T00:00:00.000,,,Ministry of Water and Environment_Uganda_2009
8934,"Ministry of Water and Environment, Uganda",2010-04-28T00:00:00.000,Yes,Deep borehole,,,,,,010-00805,UGA,Uganda,Northern,Borehole/Tubewell,Well,Hand Pump - Afridev,Improved,Community Management,"Functional, needs repair",1,2020-01-01T00:00:00.000,,,Ministry of Water and Environment_Uganda_2009
10768,"Ministry of Water and Environment, Uganda",2010-07-26T00:00:00.000,Yes,Deep borehole,,2008,,,,110-00496,UGA,Uganda,Northern,Borehole/Tubewell,Well,Hand Pump - Afridev,Improved,Community Management,"Functional, needs repair",1,2020-01-01T00:00:00.000,Fees collected – basis unknown,,Ministry of Water and Environment_Uganda_2009
8026,Water For People,2018-02-28T00:00:00.000,Yes,,Protected Shallow Well,,,,,,UGA,Uganda,Western,Undefined Well,Well,,Unknown,,Functional,1,2022-02-18T05:36:33.000,,,Water For People_Global_2017-2020
9383,Water For People,2020-02-17T00:00:00.000,Yes,,Protected deep borehole,,,,Present,,UGA,Uganda,Eastern,Borehole/Tubewell,Well,,Improved,,Functional,1,2022-02-18T05:36:33.000,,,Water For People_Global_2017-2020
11400,Water For People,2005-09-07T00:00:00.000,Yes,,Protected Shallow Well,,,,,,UGA,Uganda,Western,Undefined Well,Well,,Unknown,,Functional,1,2022-02-18T05:36:33.000,,,Water For People_Global_2017-2020
12902,Water For People,2005-09-07T00:00:00.000,Yes,,Pumped Piped System|Public Stand Post,,,,,,UGA,Uganda,Western,Piped Water,Piped Water,Public Tapstand,Improved,,Functional,1,2022-02-18T05:36:33.000,,,Water For People_Global_2017-2020
9561,Water For People,2019-03-21T00:00:00.000,Yes,,Protected deep borehole,,,,Present,,UGA,Uganda,Western,Borehole/Tubewell,Well,,Improved,,Functional,1,2022-02-18T05:36:33.000,,,Water For People_Global_2017-2020
11747,"Ministry of Water and Environment, Uganda",2010-05-08T00:00:00.000,Yes,Public Stand Post,,2005,,,,072-00692,UGA,Uganda,Northern,,,Public Tapstand,Improved,Community Management,"Functional, needs repair",1,2020-01-01T00:00:00.000,Fees collected – basis unknown,,Ministry of Water and Environment_Uganda_2009
7930,"Ministry of Water and Environment, Uganda",2010-04-28T00:00:00.000,Yes,Deep borehole,,2007,,,,010-00594,UGA,Uganda,Northern,Borehole/Tubewell,Well,Hand Pump - Afridev,Improved,Community Management,"Functional, needs repair",1,2020-01-01T00:00:00.000,,,Ministry of Water and Environment_Uganda_2009
11725,Water For People,2020-02-18T00:00:00.000,Yes,,Protected Shallow Well,,,,,,UGA,Uganda,Eastern,Undefined Well,Well,,Unknown,,Functional,1,2022-02-18T05:36:33.000,,,Water For People_Global_2017-2020
10080,"Ministry of Water and Environment, Uganda",2010-04-30T00:00:00.000,No,Deep borehole,,2008,,,,010-01019,UGA,Uganda,Northern,Borehole/Tubewell,Well,Hand Pump - Afridev,Improved,Community Management,Non-Functional,1,2020-01-01T00:00:00.000,,,Ministry of Water and Environment_Uganda_2009
13598,"Ministry of Water and Environment, Uganda",2010-05-07T00:00:00.000,No,Deep borehole,,1989,,,,072-01003,UGA,Uganda,Northern,Borehole/Tubewell,Well,Hand Pump - Afridev,Improved,Community Management,Non-Functional,1,2020-01-01T00:00:00.000,,,Ministry of Water and Environment_Uganda_2009
13176,"Ministry of Water and Environment, Uganda",2010-05-09T00:00:00.000,No,Protected spring,,1995,,,,072-00918,UGA,Uganda,Northern,Protected Well,Well,,Improved,Community Management,Non-Functional,1,2020-01-01T00:00:00.000,,,Ministry of Water and Environment_Uganda_2009
10444,Water For People,2019-03-20T00:00:00.000,Yes,,Protected deep borehole,,,,Present,,UGA,Uganda,Western,Borehole/Tubewell,Well,,Improved,,Functional,1,2022-02-18T05:36:33.000,,,Water For People_Global_2017-2020
8406,"Ministry of Water and Environment, Uganda",2010-04-28T00:00:00.000,Yes,Deep borehole,,2006,,,,010-00692,UGA,Uganda,Northern,Borehole/Tubewell,Well,Hand Pump - Afridev,Improved,Community Management,"Functional, needs repair",1,2020-01-01T00:00:00.000,Fees collected – basis unknown,,Ministry of Water and Environment_Uganda_2009
13104,"Ministry of Water and Environment, Uganda",2010-05-13T00:00:00.000,Yes,Deep borehole,,1994,,,,072-00902,UGA,Uganda,Northern,Borehole/Tubewell,Well,Hand Pump - Afridev,Improved,Community Management,"Functional, needs repair",1,2020-01-01T00:00:00.000,Fees collected – basis unknown,,Ministry of Water and Environment_Uganda_2009
10160,Water For People,2020-02-20T00:00:00.000,Yes,,Protected deep borehole,,,,Present,,UGA,Uganda,Eastern,Borehole/Tubewell,Well,,Improved,,Functional,1,2022-02-18T05:36:33.000,,,Water For People_Global_2017-2020
12425,"Ministry of Water and Environment, Uganda",2010-05-08T00:00:00.000,Yes,Protected spring,,2008,,,,072-00783,UGA,Uganda,Northern,Protected Well,Well,,Improved,Community Management,"Functional, needs repair",1,2020-01-01T00:00:00.000,,,Ministry of Water and Environment_Uganda_2009
9213,"Ministry of Water and Environment, Uganda",2010-04-28T00:00:00.000,No,Deep borehole,,1990,,,,010-00850,UGA,Uganda,Northern,Borehole/Tubewell,Well,Hand Pump - Afridev,Improved,Community Management,Non-Functional,1,2020-01-01T00:00:00.000,Fees collected – basis unknown,,Ministry of Water and Environment_Uganda_2009
8646,Water For People,2005-09-07T00:00:00.000,Yes,,Protected Spring,,,,,,UGA,Uganda,Western,Protected Well,Well,,Improved,,Functional,1,2022-02-18T05:36:33.000,,,Water For People_Global_2017-2020
8690,"Ministry of Water and Environment, Uganda",2010-04-27T00:00:00.000,Yes,Rainwater Harvest Tank,,2006,,,,010-00751,UGA,Uganda,Northern,Rainwater Harvesting,Rainwater Harvesting,,Improved,Other Institutional Management,"Functional, needs repair",1,2020-01-01T00:00:00.000,,,Ministry of Water and Environment_Uganda_2009
8507,"Ministry of Water and Environment, Uganda",2010-07-15T00:00:00.000,No,Protected spring,,1990,,,,010-00713,UGA,Uganda,Northern,Protected Well,Well,,Improved,Community Management,Non-Functional,1,2020-01-01T00:00:00.000,,,Ministry of Water and Environment_Uganda_2009
9154,Water For People,2018-02-27T00:00:00.000,No,,Protected Shallow Well,,,,,,UGA,Uganda,Western,Undefined Well,Well,,Unknown,,Non-Functional,1,2022-02-18T05:36:33.000,,,Water For People_Global_2017-2020
9208,"Ministry of Water and Environment, Uganda",2010-04-28T00:00:00.000,No,Protected spring,,1990,,,,010-00849,UGA,Uganda,Northern,Protected Well,Well,,Improved,Community Management,Non-Functional,1,2020-01-01T00:00:00.000,,,Ministry of Water and Environment_Uganda_2009
9369,"Ministry of Water and Environment, Uganda",2010-04-27T00:00:00.000,Yes,Protected spring,,1997,,,,010-00878,UGA,Uganda,Northern,Protected Well,Well,,Improved,Community Management,"Functional, needs repair",1,2020-01-01T00:00:00.000,Fees collected – basis unknown,,Ministry of Water and Environment_Uganda_2009
12033,Water For People,2005-09-07T00:00:00.000,Yes,,Gravity Fed System|Public Stand Post,,,,,,UGA,Uganda,Western,,,Public Tapstand,Improved,,Functional,1,2022-02-18T05:36:33.000,,,Water For People_Global_2017-2020
8101,"Ministry of Water and Environment, Uganda",2010-04-28T00:00:00.000,Yes,Rainwater Harvest Tank,,2004,,,,010-00631,UGA,Uganda,Northern,Rainwater Harvesting,Rainwater Harvesting,,Improved,Community Management,"Functional, needs repair",1,2020-01-01T00:00:00.000,,,Ministry of Water and Environment_Uganda_2009
13455,"Ministry of Water and Environment, Uganda",2010-05-07T00:00:00.000,Yes,Deep borehole,,1989,,,,072-00975,UGA,Uganda,Northern,Borehole/Tubewell,Well,Hand Pump - Afridev,Improved,Community Management,"Functional, needs repair",1,2020-01-01T00:00:00.000,Fees collected – basis unknown,,Ministry of Water and Environment_Uganda_2009
9963,"Ministry of Water and Environment, Uganda",2010-04-22T00:00:00.000,Yes,Deep borehole,,1989,,,,010-00977,UGA,Uganda,Northern,Borehole/Tubewell,Well,Hand Pump - Afridev,Improved,Community Management,"Functional, needs repair",1,2020-01-01T00:00:00.000,,,Ministry of Water and Environment_Uganda_2009
10010,"Ministry of Water and Environment, Uganda",2010-04-22T00:00:00.000,Yes,Rainwater Harvest Tank,,2009,,,,010-00985,UGA,Uganda,Northern,Rainwater Harvesting,Rainwater Harvesting,,Improved,Other Institutional Management,"Functional, needs repair",1,2020-01-01T00:00:00.000,,,Ministry of Water and Environment_Uganda_2009
9615,Water For People,2018-02-28T00:00:00.000,Yes,,Pumped Piped System|Kiosk or Public stand Post,,,,,,UGA,Uganda,Western,Piped Water,Piped Water,Public Tapstand,Improved,,Functional,1,2022-02-18T05:36:33.000,,,Water For People_Global_2017-2020
10615,Water For People,2020-02-14T00:00:00.000,Yes,,Protected deep borehole,,,,Present,,UGA,Uganda,Eastern,Borehole/Tubewell,Well,,Improved,,Functional,1,2022-02-18T05:36:33.000,,,Water For People_Global_2017-2020
9896,"Ministry of Water and Environment, Uganda",2010-04-23T00:00:00.000,Yes,Rainwater Harvest Tank,,2009,,,,010-00947,UGA,Uganda,Northern,Rainwater Harvesting,Rainwater Harvesting,,Improved,Other Institutional Management,"Functional, needs repair",1,2020-01-01T00:00:00.000,,,Ministry of Water and Environment_Uganda_2009
9810,"Ministry of Water and Environment, Uganda",2010-04-22T00:00:00.000,Yes,Deep borehole,,2009,,,,010-00928,UGA,Uganda,Northern,Borehole/Tubewell,Well,Hand Pump - Afridev,Improved,Community Management,"Functional, needs repair",1,2020-01-01T00:00:00.000,Fees collected – basis unknown,,Ministry of Water and Environment_Uganda_2009
12374,"Ministry of Water and Environment, Uganda",2010-05-08T00:00:00.000,Yes,Deep borehole,,2007,,,,072-00781,UGA,Uganda,Northern,Borehole/Tubewell,Well,Hand Pump - Afridev,Improved,Community Management,"Functional, needs repair",1,2020-01-01T00:00:00.000,Fees collected – basis unknown,,Ministry of Water and Environment_Uganda_2009
8609,"Ministry of Water and Environment, Uganda",2010-04-29T00:00:00.000,Yes,Protected spring,,1990,,,,010-00730,UGA,Uganda,Northern,Protected Well,Well,,Improved,Community Management,"Functional, needs repair",1,2020-01-01T00:00:00.000,,,Ministry of Water and Environment_Uganda_2009
12614,Water For People,2019-03-15T00:00:00.000,Yes,,Pumped piped system,,,,Present,,UGA,Uganda,Western,Surface Water (River/Stream/Lake/Pond/Dam),Surface Water,,No facilities,,Functional,1,2022-02-18T05:36:33.000,,,Water For People_Global_2017-2020
13264,"Ministry of Water and Environment, Uganda",2010-05-07T00:00:00.000,No,Deep borehole,,1994,,,,072-00936,UGA,Uganda,Northern,Borehole/Tubewell,Well,Hand Pump - Afridev,Improved,Other,Non-Functional,1,2020-01-01T00:00:00.000,,,Ministry of Water and Environment_Uganda_2009
8990,"Ministry of Water and Environment, Uganda",2010-04-29T00:00:00.000,Yes,Protected spring,,1998,,,,010-00819,UGA,Uganda,Northern,Protected Well,Well,,Improved,Community Management,"Functional, needs repair",1,2020-01-01T00:00:00.000,,,Ministry of Water and Environment_Uganda_2009
9386,"Ministry of Water and Environment, Uganda",2010-04-27T00:00:00.000,Yes,Protected spring,,1994,,,,010-00882,UGA,Uganda,Northern,Protected Well,Well,,Improved,Community Management,"Functional, needs repair",1,2020-01-01T00:00:00.000,Fees collected – basis unknown,,Ministry of Water and Environment_Uganda_2009
9288,"Ministry of Water and Environment, Uganda",2010-04-27T00:00:00.000,Yes,Deep borehole,,1988,,,,010-00861,UGA,Uganda,Northern,Borehole/Tubewell,Well,Hand Pump - Afridev,Improved,Community Management,"Functional, needs repair",1,2020-01-01T00:00:00.000,,,Ministry of Water and Environment_Uganda_2009
10887,"Ministry of Water and Environment, Uganda",2010-04-29T00:00:00.000,No,Rainwater Harvest Tank,,,,,,010-01169,UGA,Uganda,Northern,Rainwater Harvesting,Rainwater Harvesting,,Improved,Other Institutional Management,Non-Functional,1,2020-01-01T00:00:00.000,,,Ministry of Water and Environment_Uganda_2009
13709,"Ministry of Water and Environment, Uganda",2010-05-08T00:00:00.000,Yes,Deep borehole,,1990,,,,072-01015,UGA,Uganda,Northern,Borehole/Tubewell,Well,Hand Pump - Afridev,Improved,Community Management,"Functional, not in use",1,2020-01-01T00:00:00.000,,,Ministry of Water and Environment_Uganda_2009
13634,Water For People,2005-09-07T00:00:00.000,Yes,,Pumped Piped System|Public Stand Post,,,,,,UGA,Uganda,Western,Piped Water,Piped Water,Public Tapstand,Improved,,Functional,1,2022-02-18T05:36:33.000,,,Water For People_Global_2017-2020
10469,"Ministry of Water and Environment, Uganda",2010-04-27T00:00:00.000,Yes,Deep borehole,,2001,,,,010-01117,UGA,Uganda,Northern,Borehole/Tubewell,Well,Hand Pump - Afridev,Improved,Community Management,"Functional, needs repair",1,2020-01-01T00:00:00.000,Fees collected – basis unknown,,Ministry of Water and Environment_Uganda_2009
12099,"Ministry of Water and Environment, Uganda",2010-05-08T00:00:00.000,Yes,Deep borehole,,,,,,072-00743,UGA,Uganda,Northern,Borehole/Tubewell,Well,Hand Pump - Afridev,Improved,Community Management,"Functional, needs repair",1,2020-01-01T00:00:00.000,,,Ministry of Water and Environment_Uganda_2009
7968,Water For People,2020-02-22T00:00:00.000,No,,Pumped piped system,,,,Present,,UGA,Uganda,Eastern,Surface Water (River/Stream/Lake/Pond/Dam),Surface Water,,No facilities,,Non-Functional,1,2022-02-18T05:36:33.000,,,Water For People_Global_2017-2020
9166,Water For People,2005-09-07T00:00:00.000,No,,Protected Spring,,,,,,UGA,Uganda,Western,Protected Well,Well,,Improved,,Non-Functional,1,2022-02-18T05:36:33.000,,,Water For People_Global_2017-2020
12686,Water For People,2020-02-19T00:00:00.000,Yes,,Protected deep borehole,,,,Present,,UGA,Uganda,Eastern,Borehole/Tubewell,Well,,Improved,,Functional,1,2022-02-18T05:36:33.000,,,Water For People_Global_2017-2020
9358,"Ministry of Water and Environment, Uganda",2010-04-27T00:00:00.000,Yes,Protected spring,,2009,,,,010-00875,UGA,Uganda,Northern,Protected Well,Well,,Improved,Community Management,"Functional, needs repair",1,2020-01-01T00:00:00.000,Fees collected – basis unknown,,Ministry of Water and Environment_Uganda_2009
8008,Water For People,2019-03-16T00:00:00.000,Yes,,Protected Shallow Well,,,,Present,,UGA,Uganda,Western,Undefined Well,Well,,Unknown,,Functional,1,2022-02-18T05:36:33.000,,,Water For People_Global_2017-2020
9555,Water For People,2005-09-07T00:00:00.000,Yes,,Gravity Fed System|Public Stand Post,,,,,,UGA,Uganda,Western,,,Public Tapstand,Improved,,Functional,1,2022-02-18T05:36:33.000,,,Water For People_Global_2017-2020
11257,"Ministry of Water and Environment, Uganda",2010-04-23T00:00:00.000,No,Rainwater Harvest Tank,,1999,,,,010-01257,UGA,Uganda,Northern,Rainwater Harvesting,Rainwater Harvesting,,Improved,Other Institutional Management,Non-Functional,1,2020-01-01T00:00:00.000,,,Ministry of Water and Environment_Uganda_2009
9633,"Ministry of Water and Environment, Uganda",2013-08-06T00:00:00.000,Yes,Deep borehole,,1970,,,,010-01944,UGA,Uganda,Northern,Borehole/Tubewell,Well,Hand Pump - Afridev,Improved,Community Management,"Functional, needs repair",1,2020-01-01T00:00:00.000,Fees collected – basis unknown,,Ministry of Water and Environment_Uganda_2009
13658,"Ministry of Water and Environment, Uganda",2010-05-08T00:00:00.000,No,Deep borehole,,1991,,,,072-01007,UGA,Uganda,Northern,Borehole/Tubewell,Well,Hand Pump - Afridev,Improved,Other,Non-Functional,1,2020-01-01T00:00:00.000,,,Ministry of Water and Environment_Uganda_2009
10261,"Ministry of Water and Environment, Uganda",2010-04-27T00:00:00.000,Yes,Deep borehole,,2004,,,,010-01073,UGA,Uganda,Northern,Borehole/Tubewell,Well,Hand Pump - Afridev,Improved,Community Management,"Functional, needs repair",1,2020-01-01T00:00:00.000,,,Ministry of Water and Environment_Uganda_2009
11416,Water For People,2005-09-07T00:00:00.000,Yes,,Protected Spring,,,,,,UGA,Uganda,Western,Protected Well,Well,,Improved,,Functional,1,2022-02-18T05:36:33.000,,,Water For People_Global_2017-2020
9854,"Ministry of Water and Environment, Uganda",2012-08-22T00:00:00.000,Yes,Deep borehole,,2012,,,,010-01894,UGA,Uganda,Northern,Borehole/Tubewell,Well,Hand Pump - Afridev,Improved,Community Management,"Functional, needs repair",1,2020-01-01T00:00:00.000,Fees collected – basis unknown,,Ministry of Water and Environment_Uganda_2009
9907,"Ministry of Water and Environment, Uganda",2010-04-23T00:00:00.000,Yes,Deep borehole,,1962,,,,010-00949,UGA,Uganda,Northern,Borehole/Tubewell,Well,Hand Pump - Afridev,Improved,Community Management,"Functional, needs repair",1,2020-01-01T00:00:00.000,Fees collected – basis unknown,,Ministry of Water and Environment_Uganda_2009
10603,"Ministry of Water and Environment, Uganda",2010-04-30T00:00:00.000,No,Deep borehole,,1991,,,,010-01038,UGA,Uganda,Northern,Borehole/Tubewell,Well,Hand Pump - Afridev,Improved,Community Management,Non-Functional,1,2020-01-01T00:00:00.000,Fees collected – basis unknown,,Ministry of Water and Environment_Uganda_2009
11366,"Ministry of Water and Environment, Uganda",2010-04-23T00:00:00.000,Yes,Deep borehole,,,,,,010-01274,UGA,Uganda,Northern,Borehole/Tubewell,Well,Hand Pump - Afridev,Improved,Community Management,"Functional, needs repair",1,2020-01-01T00:00:00.000,Fees collected – basis unknown,,Ministry of Water and Environment_Uganda_2009
11934,Water For People,2005-09-07T00:00:00.000,No,,Protected Shallow Well,,,,,,UGA,Uganda,Western,Undefined Well,Well,,Unknown,,Non-Functional,1,2022-02-18T05:36:33.000,,,Water For People_Global_2017-2020
10993,"Ministry of Water and Environment, Uganda",2010-04-24T00:00:00.000,Yes,Deep borehole,,2004,,,,010-01188,UGA,Uganda,Northern,Borehole/Tubewell,Well,Hand Pump - Afridev,Improved,Community Management,"Functional, needs repair",1,2020-01-01T00:00:00.000,Fees collected – basis unknown,,Ministry of Water and Environment_Uganda_2009
12155,"Ministry of Water and Environment, Uganda",2013-08-06T00:00:00.000,Yes,Deep borehole,,2013,,,,010-01934,UGA,Uganda,Northern,Borehole/Tubewell,Well,Hand Pump - Afridev,Improved,Community Management,"Functional, needs repair",1,2020-01-01T00:00:00.000,,,Ministry of Water and Environment_Uganda_2009
13426,"Ministry of Water and Environment, Uganda",2010-05-08T00:00:00.000,Yes,Deep borehole,,1980,,,,072-00968,UGA,Uganda,Northern,Borehole/Tubewell,Well,Hand Pump - Afridev,Improved,Community Management,"Functional, needs repair",1,2020-01-01T00:00:00.000,Fees collected – basis unknown,,Ministry of Water and Environment_Uganda_2009
8095,"Ministry of Water and Environment, Uganda",2010-04-28T00:00:00.000,Yes,Rainwater Harvest Tank,,2003,,,,010-00629,UGA,Uganda,Northern,Rainwater Harvesting,Rainwater Harvesting,,Improved,Community Management,"Functional, needs repair",1,2020-01-01T00:00:00.000,,,Ministry of Water and Environment_Uganda_2009
12419,Water For People,2005-09-07T00:00:00.000,Yes,,Gravity Fed System|Public Stand Post,,,,,,UGA,Uganda,Western,,,Public Tapstand,Improved,,Functional,1,2022-02-18T05:36:33.000,,,Water For People_Global_2017-2020
11292,Water For People,2019-03-20T00:00:00.000,No,,Protected Shallow Well,,,,,,UGA,Uganda,Western,Undefined Well,Well,,Unknown,,Non-Functional,1,2022-02-18T05:36:33.000,,,Water For People_Global_2017-2020
7842,"Ministry of Water and Environment, Uganda",2010-07-14T00:00:00.000,Yes,Protected spring,,2006,,,,010-00578,UGA,Uganda,Northern,Protected Well,Well,,Improved,Community Management,"Functional, needs repair",1,2020-01-01T00:00:00.000,,,Ministry of Water and Environment_Uganda_2009
12243,Water For People,2005-09-07T00:00:00.000,No,,Protected Shallow Well,,,,,,UGA,Uganda,Western,Undefined Well,Well,,Unknown,,Non-Functional,1,2022-02-18T05:36:33.000,,,Water For People_Global_2017-2020
10124,Water For People,2005-09-07T00:00:00.000,Yes,,Pumped Piped System|Public Stand Post,,,,,,UGA,Uganda,Western,Piped Water,Piped Water,Public Tapstand,Improved,,Functional,1,2022-02-18T05:36:33.000,,,Water For People_Global_2017-2020
10388,"Ministry of Water and Environment, Uganda",2010-04-27T00:00:00.000,Yes,Deep borehole,,1987,,,,010-01099,UGA,Uganda,Northern,Borehole/Tubewell,Well,Hand Pump - Afridev,Improved,Community Management,"Functional, needs repair",1,2020-01-01T00:00:00.000,Fees collected – basis unknown,,Ministry of Water and Environment_Uganda_2009
9573,Water For People,2005-09-07T00:00:00.000,Yes,,Protected Shallow Well,,,,,,UGA,Uganda,Western,Undefined Well,Well,,Unknown,,Functional,1,2022-02-18T05:36:33.000,,,Water For People_Global_2017-2020
12700,"Ministry of Water and Environment, Uganda",2010-05-09T00:00:00.000,Yes,Protected spring,,1998,,,,072-00833,UGA,Uganda,Northern,Protected Well,Well,,Improved,Community Management,"Functional, needs repair",1,2020-01-01T00:00:00.000,Fees collected – basis unknown,,Ministry of Water and Environment_Uganda_2009
10884,Water For People,2020-02-22T00:00:00.000,Yes,,Protected deep borehole,,,,Present,,UGA,Uganda,Eastern,Borehole/Tubewell,Well,,Improved,,Functional,1,2022-02-18T05:36:33.000,,,Water For People_Global_2017-2020
9669,"Ministry of Water and Environment, Uganda",2010-04-23T00:00:00.000,Yes,Rainwater Harvest Tank,,2008,,,,010-00897,UGA,Uganda,Northern,Rainwater Harvesting,Rainwater Harvesting,,Improved,Other Institutional Management,"Functional, needs repair",1,2020-01-01T00:00:00.000,,,Ministry of Water and Environment_Uganda_2009
12451,Water For People,2005-09-07T00:00:00.000,Yes,,Protected Spring,,,,,,UGA,Uganda,Western,Protected Well,Well,,Improved,,Functional,1,2022-02-18T05:36:33.000,,,Water For People_Global_2017-2020
10256,"Ministry of Water and Environment, Uganda",2010-04-27T00:00:00.000,No,Deep borehole,,2007,,,,010-01072,UGA,Uganda,Northern,Borehole/Tubewell,Well,Hand Pump - Afridev,Improved,Community Management,Non-Functional,1,2020-01-01T00:00:00.000,,,Ministry of Water and Environment_Uganda_2009
11421,Water For People,2018-03-02T00:00:00.000,Yes,,Pumped Piped System|Kiosk or Public stand Post,,,,,,UGA,Uganda,Western,Piped Water,Piped Water,Public Tapstand,Improved,,Functional,1,2022-02-18T05:36:33.000,,,Water For People_Global_2017-2020
9590,"Ministry of Water and Environment, Uganda",2010-04-23T00:00:00.000,Yes,Rainwater Harvest Tank,,2009,,,,010-00972,UGA,Uganda,Northern,Rainwater Harvesting,Rainwater Harvesting,,Improved,Other Institutional Management,"Functional, needs repair",1,2020-01-01T00:00:00.000,,,Ministry of Water and Environment_Uganda_2009
11546,"Ministry of Water and Environment, Uganda",2010-07-19T00:00:00.000,Yes,Deep borehole,,1998,,,,072-00659,UGA,Uganda,Northern,Borehole/Tubewell,Well,Hand Pump - Afridev,Improved,Community Management,"Functional, needs repair",1,2020-01-01T00:00:00.000,,,Ministry of Water and Environment_Uganda_2009
12654,"Ministry of Water and Environment, Uganda",2010-05-09T00:00:00.000,No,Deep borehole,,1970,,,,072-00821,UGA,Uganda,Northern,Borehole/Tubewell,Well,Hand Pump - Afridev,Improved,Community Management,Non-Functional,1,2020-01-01T00:00:00.000,Fees collected – basis unknown,,Ministry of Water and Environment_Uganda_2009
8451,Water For People,2020-02-23T00:00:00.000,Yes,,Protected deep borehole,,,,Present,,UGA,Uganda,Eastern,Borehole/Tubewell,Well,,Improved,,Functional,1,2022-02-18T05:36:33.000,,,Water For People_Global_2017-2020
7874,Water For People,2020-02-24T00:00:00.000,No,,Protected Shallow Well,,,,,,UGA,Uganda,Eastern,Undefined Well,Well,,Unknown,,Non-Functional,1,2022-02-18T05:36:33.000,,,Water For People_Global_2017-2020
12975,"Ministry of Water and Environment, Uganda",2010-05-09T00:00:00.000,Yes,Protected spring,,1996,,,,072-00875,UGA,Uganda,Northern,Protected Well,Well,,Improved,Community Management,"Functional, needs repair",1,2020-01-01T00:00:00.000,,,Ministry of Water and Environment_Uganda_2009
11891,Water For People,2005-09-07T00:00:00.000,Yes,,Protected Shallow Well,,,,,,UGA,Uganda,Western,Undefined Well,Well,,Unknown,,Functional,1,2022-02-18T05:36:33.000,,,Water For People_Global_2017-2020
13269,"Ministry of Water and Environment, Uganda",2010-05-07T00:00:00.000,No,Deep borehole,,1998,,,,072-00938,UGA,Uganda,Northern,Borehole/Tubewell,Well,Hand Pump - Afridev,Improved,Community Management,Non-Functional,1,2020-01-01T00:00:00.000,Fees collected – basis unknown,,Ministry of Water and Environment_Uganda_2009
9141,Water For People,2005-09-07T00:00:00.000,Yes,,Protected Shallow Well,,,,,,UGA,Uganda,Western,Undefined Well,Well,,Unknown,,Functional,1,2022-02-18T05:36:33.000,,,Water For People_Global_2017-2020
9194,Water For People,2020-02-24T00:00:00.000,Yes,,Protected deep borehole,,,,Present,,UGA,Uganda,Eastern,Borehole/Tubewell,Well,,Improved,,Functional,1,2022-02-18T05:36:33.000,,,Water For People_Global_2017-2020
12266,Water For People,2005-09-07T00:00:00.000,No,,Protected Shallow Well,,,,,,UGA,Uganda,Western,Undefined Well,Well,,Unknown,,Non-Functional,1,2022-02-18T05:36:33.000,,,Water For People_Global_2017-2020
10171,Water For People,2020-02-20T00:00:00.000,Yes,,Protected deep borehole,,,,,,UGA,Uganda,Eastern,Borehole/Tubewell,Well,,Improved,,Functional,1,2022-02-18T05:36:33.000,,,Water For People_Global_2017-2020
8700,Water For People,2020-02-22T00:00:00.000,Yes,,Protected Shallow Well,,,,Present,,UGA,Uganda,Eastern,Undefined Well,Well,,Unknown,,Functional,1,2022-02-18T05:36:33.000,,,Water For People_Global_2017-2020
9458,"Ministry of Water and Environment, Uganda",2010-04-23T00:00:00.000,Yes,Deep borehole,,1987,,,,010-00954,UGA,Uganda,Northern,Borehole/Tubewell,Well,Hand Pump - Afridev,Improved,Community Management,"Functional, needs repair",1,2020-01-01T00:00:00.000,Fees collected – basis unknown,,Ministry of Water and Environment_Uganda_2009
10435,"Ministry of Water and Environment, Uganda",2013-08-06T00:00:00.000,Yes,Deep borehole,,2013,,,,010-01943,UGA,Uganda,Northern,Borehole/Tubewell,Well,Hand Pump - Afridev,Improved,Community Management,"Functional, needs repair",1,2020-01-01T00:00:00.000,,,Ministry of Water and Environment_Uganda_2009
8140,Water For People,2005-09-07T00:00:00.000,Yes,,Pumped Piped System|Public Stand Post,,,,,,UGA,Uganda,Western,Piped Water,Piped Water,Public Tapstand,Improved,,Functional,1,2022-02-18T05:36:33.000,,,Water For People_Global_2017-2020
10504,"Ministry of Water and Environment, Uganda",2010-04-29T00:00:00.000,Yes,Deep borehole,,2004,,,,010-00996,UGA,Uganda,Northern,Borehole/Tubewell,Well,Hand Pump - Afridev,Improved,Community Management,"Functional, needs repair",1,2020-01-01T00:00:00.000,,,Ministry of Water and Environment_Uganda_2009
10716,"Ministry of Water and Environment, Uganda",2010-04-29T00:00:00.000,Yes,Deep borehole,,1991,,,,010-01144,UGA,Uganda,Northern,Borehole/Tubewell,Well,Hand Pump - Afridev,Improved,Community Management,"Functional, needs repair",1,2020-01-01T00:00:00.000,,,Ministry of Water and Environment_Uganda_2009
8172,"Ministry of Water and Environment, Uganda",2010-06-17T00:00:00.000,Yes,Protected spring,,1999,,,,010-00654,UGA,Uganda,Northern,Protected Well,Well,,Improved,Community Management,"Functional, needs repair",1,2020-01-01T00:00:00.000,,,Ministry of Water and Environment_Uganda_2009
12868,"Ministry of Water and Environment, Uganda",2010-05-09T00:00:00.000,Yes,Protected spring,,1999,,,,072-00862,UGA,Uganda,Northern,Protected Well,Well,,Improved,Community Management,"Functional, needs repair",1,2020-01-01T00:00:00.000,Fees collected – basis unknown,,Ministry of Water and Environment_Uganda_2009
11526,Water For People,2005-09-07T00:00:00.000,Yes,,Protected Shallow Well,,,,,,UGA,Uganda,Western,Undefined Well,Well,,Unknown,,Functional,1,2022-02-18T05:36:33.000,,,Water For People_Global_2017-2020
9822,"Ministry of Water and Environment, Uganda",2010-04-22T00:00:00.000,Yes,Rainwater Harvest Tank,,2009,,,,010-00931,UGA,Uganda,Northern,Rainwater Harvesting,Rainwater Harvesting,,Improved,Other Institutional Management,"Functional, needs repair",1,2020-01-01T00:00:00.000,,,Ministry of Water and Environment_Uganda_2009
11329,"Ministry of Water and Environment, Uganda",2010-04-23T00:00:00.000,Yes,Deep borehole,,1990,,,,010-01270,UGA,Uganda,Northern,Borehole/Tubewell,Well,Hand Pump - Afridev,Improved,Community Management,"Functional, needs repair",1,2020-01-01T00:00:00.000,,,Ministry of Water and Environment_Uganda_2009
12604,Water For People,2020-02-18T00:00:00.000,No,,Protected deep borehole,,,,,,UGA,Uganda,Eastern,Borehole/Tubewell,Well,,Improved,,Non-Functional,1,2022-02-18T05:36:33.000,,,Water For People_Global_2017-2020
8845,"Ministry of Water and Environment, Uganda",2010-04-28T00:00:00.000,Yes,Yard tap for public use,,2001,,,,010-00785,UGA,Uganda,Northern,,,Public Tapstand,Improved,Community Management,"Functional, needs repair",1,2020-01-01T00:00:00.000,Fees collected – basis unknown,,Ministry of Water and Environment_Uganda_2009
11610,Water For People,2005-09-07T00:00:00.000,Yes,,Protected Spring,,,,,,UGA,Uganda,Western,Protected Well,Well,,Improved,,Functional,1,2022-02-18T05:36:33.000,,,Water For People_Global_2017-2020
8993,Water For People,2020-02-15T00:00:00.000,Yes,,Protected deep borehole,,,,Present,,UGA,Uganda,Eastern,Borehole/Tubewell,Well,,Improved,,Functional,1,2022-02-18T05:36:33.000,,,Water For People_Global_2017-2020
10139,"Ministry of Water and Environment, Uganda",2010-04-27T00:00:00.000,No,Deep borehole,,2005,,,,010-01049,UGA,Uganda,Northern,Borehole/Tubewell,Well,Hand Pump - Afridev,Improved,Community Management,Non-Functional,1,2020-01-01T00:00:00.000,Fees collected – basis unknown,,Ministry of Water and Environment_Uganda_2009
8304,"Ministry of Water and Environment, Uganda",2013-12-17T00:00:00.000,Yes,Protected spring,,2013,,,,010-02399,UGA,Uganda,Northern,Protected Well,Well,,Improved,Community Management,"Functional, needs repair",1,2020-01-01T00:00:00.000,,Acceptable quality,Ministry of Water and Environment_Uganda_2009
12138,"Ministry of Water and Environment, Uganda",2010-05-08T00:00:00.000,Yes,Deep borehole,,1995,,,,072-00750,UGA,Uganda,Northern,Borehole/Tubewell,Well,Hand Pump - Afridev,Improved,Community Management,"Functional, needs repair",1,2020-01-01T00:00:00.000,Fees collected – basis unknown,,Ministry of Water and Environment_Uganda_2009
12483,"Ministry of Water and Environment, Uganda",2010-05-08T00:00:00.000,Yes,Deep borehole,,1995,,,,072-00793,UGA,Uganda,Northern,Borehole/Tubewell,Well,Hand Pump - Afridev,Improved,Community Management,"Functional, needs repair",1,2020-01-01T00:00:00.000,,,Ministry of Water and Environment_Uganda_2009
13301,Water For People,2005-09-07T00:00:00.000,Yes,,Protected Deep Borehole,,,,,,UGA,Uganda,Western,Borehole/Tubewell,Well,,Improved,,Functional,1,2022-02-18T05:36:33.000,,,Water For People_Global_2017-2020
10115,"Ministry of Water and Environment, Uganda",2010-04-27T00:00:00.000,Yes,Deep borehole,,1996,,,,010-01040,UGA,Uganda,Northern,Borehole/Tubewell,Well,Hand Pump - Afridev,Improved,Community Management,"Functional, needs repair",1,2020-01-01T00:00:00.000,Fees collected – basis unknown,,Ministry of Water and Environment_Uganda_2009
9137,Water For People,2005-09-07T00:00:00.000,Yes,,Protected Deep Borehole,,,,,,UGA,Uganda,Western,Borehole/Tubewell,Well,,Improved,,Functional,1,2022-02-18T05:36:33.000,,,Water For People_Global_2017-2020
12074,Water For People,2005-09-07T00:00:00.000,Yes,,Pumped Piped System|Public Stand Post,,,,,,UGA,Uganda,Western,Piped Water,Piped Water,Public Tapstand,Improved,,Functional,1,2022-02-18T05:36:33.000,,,Water For People_Global_2017-2020
9209,Water For People,2018-02-28T00:00:00.000,No,,Protected Shallow Well,,,,,,UGA,Uganda,Western,Undefined Well,Well,,Unknown,,Non-Functional,1,2022-02-18T05:36:33.000,,,Water For People_Global_2017-2020
13224,"Ministry of Water and Environment, Uganda",2010-05-08T00:00:00.000,Yes,Deep borehole,,1989,,,,072-00927,UGA,Uganda,Northern,Borehole/Tubewell,Well,Hand Pump - Afridev,Improved,Community Management,"Functional, needs repair",1,2020-01-01T00:00:00.000,Fees collected – basis unknown,,Ministry of Water and Environment_Uganda_2009
10007,Water For People,2020-02-21T00:00:00.000,Yes,,Protected deep borehole,,,,Present,,UGA,Uganda,Eastern,Borehole/Tubewell,Well,,Improved,,Functional,1,2022-02-18T05:36:33.000,,,Water For People_Global_2017-2020
13009,"Ministry of Water and Environment, Uganda",2010-05-09T00:00:00.000,Yes,Protected spring,,1990,,,,072-00882,UGA,Uganda,Northern,Protected Well,Well,,Improved,Community Management,"Functional, needs repair",1,2020-01-01T00:00:00.000,,,Ministry of Water and Environment_Uganda_2009
9000,Water For People,2005-09-07T00:00:00.000,No,,Gravity Fed System|Public Stand Post,,,,,,UGA,Uganda,Western,,,Public Tapstand,Improved,,Non-Functional,1,2022-02-18T05:36:33.000,,,Water For People_Global_2017-2020
10271,"Ministry of Water and Environment, Uganda",2010-04-27T00:00:00.000,Yes,Deep borehole,,2007,,,,010-01075,UGA,Uganda,Northern,Borehole/Tubewell,Well,Hand Pump - Afridev,Improved,Community Management,"Functional, needs repair",1,2020-01-01T00:00:00.000,,,Ministry of Water and Environment_Uganda_2009
10801,"Ministry of Water and Environment, Uganda",2010-04-29T00:00:00.000,No,Deep borehole,,1998,,,,010-01158,UGA,Uganda,Northern,Borehole/Tubewell,Well,Hand Pump - Afridev,Improved,Community Management,Non-Functional,1,2020-01-01T00:00:00.000,,,Ministry of Water and Environment_Uganda_2009
11406,"Ministry of Water and Environment, Uganda",2010-04-23T00:00:00.000,Yes,Deep borehole,,2005,,,,010-01279,UGA,Uganda,Northern,Borehole/Tubewell,Well,Hand Pump - Afridev,Improved,Community Management,"Functional, needs repair",1,2020-01-01T00:00:00.000,Fees collected – basis unknown,,Ministry of Water and Environment_Uganda_2009
11324,"Ministry of Water and Environment, Uganda",2010-04-23T00:00:00.000,Yes,Deep borehole,,1987,,,,010-01269,UGA,Uganda,Northern,Borehole/Tubewell,Well,Hand Pump - Afridev,Improved,Community Management,"Functional, needs repair",1,2020-01-01T00:00:00.000,,,Ministry of Water and Environment_Uganda_2009
12436,"Ministry of Water and Environment, Uganda",2011-09-05T00:00:00.000,Yes,Deep borehole,,2010,,,,072-00785,UGA,Uganda,Northern,Borehole/Tubewell,Well,Hand Pump - Afridev,Improved,Community Management,"Functional, needs repair",1,2020-01-01T00:00:00.000,Fees collected – basis unknown,,Ministry of Water and Environment_Uganda_2009
11859,"Ministry of Water and Environment, Uganda",2010-05-08T00:00:00.000,No,Shallow well,,2003,,,,072-00710,UGA,Uganda,Northern,Undefined Well,Well,,Unknown,Community Management,Non-Functional,1,2020-01-01T00:00:00.000,,,Ministry of Water and Environment_Uganda_2009
11282,Water For People,2005-09-07T00:00:00.000,No,,Protected Shallow Well,,,,,,UGA,Uganda,Western,Undefined Well,Well,,Unknown,,Non-Functional,1,2022-02-18T05:36:33.000,,,Water For People_Global_2017-2020
11983,Water For People,2005-09-07T00:00:00.000,Yes,,Pumped Piped System|Public Stand Post,,,,,,UGA,Uganda,Western,Piped Water,Piped Water,Public Tapstand,Improved,,Functional,1,2022-02-18T05:36:33.000,,,Water For People_Global_2017-2020
11013,Water For People,2005-09-07T00:00:00.000,Yes,,Protected Deep Borehole,,,,,,UGA,Uganda,Western,Borehole/Tubewell,Well,,Improved,,Functional,1,2022-02-18T05:36:33.000,,,Water For People_Global_2017-2020
7974,"Ministry of Water and Environment, Uganda",2010-04-28T00:00:00.000,Yes,Protected spring,,2008,,,,010-00601,UGA,Uganda,Northern,Protected Well,Well,,Improved,Community Management,"Functional, needs repair",1,2020-01-01T00:00:00.000,,,Ministry of Water and Environment_Uganda_2009
11393,Water For People,2019-03-18T00:00:00.000,Yes,,Pumped piped system,,,,,,UGA,Uganda,Western,Surface Water (River/Stream/Lake/Pond/Dam),Surface Water,,No facilities,,Functional,1,2022-02-18T05:36:33.000,,,Water For People_Global_2017-2020
11753,Water For People,2005-09-07T00:00:00.000,Yes,,Protected Shallow Well,,,,,,UGA,Uganda,Western,Undefined Well,Well,,Unknown,,Functional,1,2022-02-18T05:36:33.000,,,Water For People_Global_2017-2020
8080,Water For People,2005-09-07T00:00:00.000,Yes,,Protected Shallow Well,,,,,,UGA,Uganda,Western,Undefined Well,Well,,Unknown,,Functional,1,2022-02-18T05:36:33.000,,,Water For People_Global_2017-2020
8537,"Ministry of Water and Environment, Uganda",2010-04-29T00:00:00.000,Yes,Protected spring,,1990,,,,010-00719,UGA,Uganda,Northern,Protected Well,Well,,Improved,Community Management,"Functional, needs repair",1,2020-01-01T00:00:00.000,,,Ministry of Water and Environment_Uganda_2009
9426,"Ministry of Water and Environment, Uganda",2010-04-27T00:00:00.000,Yes,Protected spring,,1989,,,,010-00894,UGA,Uganda,Northern,Protected Well,Well,,Improved,Community Management,"Functional, needs repair",1,2020-01-01T00:00:00.000,,,Ministry of Water and Environment_Uganda_2009
12360,Water For People,2005-09-07T00:00:00.000,Yes,,Gravity Fed System|Public Stand Post,,,,,,UGA,Uganda,Western,,,Public Tapstand,Improved,,Functional,1,2022-02-18T05:36:33.000,,,Water For People_Global_2017-2020
12219,Water For People,2005-09-07T00:00:00.000,No,,Gravity Fed System|Public Stand Post,,,,,,UGA,Uganda,Western,,,Public Tapstand,Improved,,Non-Functional,1,2022-02-18T05:36:33.000,,,Water For People_Global_2017-2020
6965,"Ministry of Water and Environment, Uganda",2010-04-28T00:00:00.000,Yes,Deep borehole,,2007,,,,010-00559,UGA,Uganda,Northern,Borehole/Tubewell,Well,Hand Pump - Afridev,Improved,Community Management,"Functional, needs repair",1,2020-01-01T00:00:00.000,Fees collected – basis unknown,,Ministry of Water and Environment_Uganda_2009
13394,Water For People,2005-09-07T00:00:00.000,No,,Protected Shallow Well,,,,,,UGA,Uganda,Western,Undefined Well,Well,,Unknown,,Non-Functional,1,2022-02-18T05:36:33.000,,,Water For People_Global_2017-2020
12123,Water For People,2005-09-07T00:00:00.000,No,,Protected Spring,,,,,,UGA,Uganda,Western,Protected Well,Well,,Improved,,Non-Functional,1,2022-02-18T05:36:33.000,,,Water For People_Global_2017-2020
10146,Water For People,2005-09-07T00:00:00.000,Yes,,Protected Shallow Well,,,,,,UGA,Uganda,Western,Undefined Well,Well,,Unknown,,Functional,1,2022-02-18T05:36:33.000,,,Water For People_Global_2017-2020
12969,"Ministry of Water and Environment, Uganda",2011-09-05T00:00:00.000,Yes,Deep borehole,,2011,,,,072-00874,UGA,Uganda,Northern,Borehole/Tubewell,Well,Hand Pump - Afridev,Improved,Community Management,"Functional, needs repair",1,2020-01-01T00:00:00.000,Fees collected – basis unknown,,Ministry of Water and Environment_Uganda_2009
10748,Water For People,2020-02-20T00:00:00.000,Yes,,Protected deep borehole,,,,,,UGA,Uganda,Eastern,Borehole/Tubewell,Well,,Improved,,Functional,1,2022-02-18T05:36:33.000,,,Water For People_Global_2017-2020
10156,Water For People,2018-02-26T00:00:00.000,Yes,,Pumped Piped System|Kiosk or Public stand Post,,,,Present,,UGA,Uganda,Western,Piped Water,Piped Water,Public Tapstand,Improved,,Functional,1,2022-02-18T05:36:33.000,,,Water For People_Global_2017-2020
10393,"Ministry of Water and Environment, Uganda",2010-04-27T00:00:00.000,Yes,Deep borehole,,2007,,,,010-01100,UGA,Uganda,Northern,Borehole/Tubewell,Well,Hand Pump - Afridev,Improved,Community Management,"Functional, needs repair",1,2020-01-01T00:00:00.000,Fees collected – basis unknown,,Ministry of Water and Environment_Uganda_2009
9643,Water For People,2005-09-07T00:00:00.000,Yes,,Protected Deep Borehole,,,,,,UGA,Uganda,Western,Borehole/Tubewell,Well,,Improved,,Functional,1,2022-02-18T05:36:33.000,,,Water For People_Global_2017-2020
11189,"Ministry of Water and Environment, Uganda",2010-04-24T00:00:00.000,Yes,Deep borehole,,,,,,010-01236,UGA,Uganda,Northern,Borehole/Tubewell,Well,Hand Pump - Afridev,Improved,Community Management,"Functional, not in use",1,2020-01-01T00:00:00.000,Fees collected – basis unknown,,Ministry of Water and Environment_Uganda_2009
13319,"Ministry of Water and Environment, Uganda",2010-05-07T00:00:00.000,Yes,Deep borehole,,1997,,,,072-00947,UGA,Uganda,Northern,Borehole/Tubewell,Well,Hand Pump - Afridev,Improved,Other,"Functional, needs repair",1,2020-01-01T00:00:00.000,,,Ministry of Water and Environment_Uganda_2009
10903,"Ministry of Water and Environment, Uganda",2010-04-24T00:00:00.000,Yes,Deep borehole,,1994,,,,010-01171,UGA,Uganda,Northern,Borehole/Tubewell,Well,Hand Pump - Afridev,Improved,Community Management,"Functional, needs repair",1,2020-01-01T00:00:00.000,Fees collected – basis unknown,,Ministry of Water and Environment_Uganda_2009
10853,Water For People,2020-02-20T00:00:00.000,Yes,,Protected Shallow Well,,,,,,UGA,Uganda,Eastern,Undefined Well,Well,,Unknown,,Functional,1,2022-02-18T05:36:33.000,,,Water For People_Global_2017-2020
9538,Water For People,2020-02-17T00:00:00.000,Yes,,Protected Shallow Well,,,,,,UGA,Uganda,Eastern,Undefined Well,Well,,Unknown,,Functional,1,2022-02-18T05:36:33.000,,,Water For People_Global_2017-2020
11489,Water For People,2005-09-07T00:00:00.000,No,,Protected Shallow Well,,,,,,UGA,Uganda,Western,Undefined Well,Well,,Unknown,,Non-Functional,1,2022-02-18T05:36:33.000,,,Water For People_Global_2017-2020
8228,"Ministry of Water and Environment, Uganda",2010-04-28T00:00:00.000,Yes,Deep borehole,,1997,,,,010-00663,UGA,Uganda,Northern,Borehole/Tubewell,Well,Hand Pump - Afridev,Improved,Community Management,"Functional, needs repair",1,2020-01-01T00:00:00.000,Fees collected – basis unknown,,Ministry of Water and Environment_Uganda_2009
10220,Water For People,2020-02-18T00:00:00.000,Yes,,Protected deep borehole,,,,,,UGA,Uganda,Eastern,Borehole/Tubewell,Well,,Improved,,Functional,1,2022-02-18T05:36:33.000,,,Water For People_Global_2017-2020
8023,"Ministry of Water and Environment, Uganda",2010-04-28T00:00:00.000,Yes,Protected spring,,1993,,,,010-00613,UGA,Uganda,Northern,Protected Well,Well,,Improved,Community Management,"Functional, needs repair",1,2020-01-01T00:00:00.000,,,Ministry of Water and Environment_Uganda_2009
12760,Water For People,2019-03-19T00:00:00.000,Yes,,Pumped piped system,,,,,,UGA,Uganda,Western,Surface Water (River/Stream/Lake/Pond/Dam),Surface Water,,No facilities,,Functional,1,2022-02-18T05:36:33.000,,,Water For People_Global_2017-2020
12511,"Ministry of Water and Environment, Uganda",2010-05-08T00:00:00.000,Yes,Deep borehole,,1995,,,,072-00801,UGA,Uganda,Northern,Borehole/Tubewell,Well,Hand Pump - Afridev,Improved,Community Management,"Functional, needs repair",1,2020-01-01T00:00:00.000,Fees collected – basis unknown,,Ministry of Water and Environment_Uganda_2009
8436,"Ministry of Water and Environment, Uganda",2010-04-28T00:00:00.000,Yes,Deep borehole,,2001,,,,010-00699,UGA,Uganda,Northern,Borehole/Tubewell,Well,Hand Pump - Afridev,Improved,Community Management,"Functional, needs repair",1,2020-01-01T00:00:00.000,Fees collected – basis unknown,,Ministry of Water and Environment_Uganda_2009
8536,"Ministry of Water and Environment, Uganda",2010-04-29T00:00:00.000,Yes,Protected spring,,1994,,,,010-00718,UGA,Uganda,Northern,Protected Well,Well,,Improved,Community Management,"Functional, needs repair",1,2020-01-01T00:00:00.000,,,Ministry of Water and Environment_Uganda_2009
9294,"Ministry of Water and Environment, Uganda",2010-04-27T00:00:00.000,Yes,Protected spring,,1999,,,,010-00862,UGA,Uganda,Northern,Protected Well,Well,,Improved,Community Management,"Functional, needs repair",1,2020-01-01T00:00:00.000,,,Ministry of Water and Environment_Uganda_2009
12913,"Ministry of Water and Environment, Uganda",2010-05-09T00:00:00.000,Yes,Protected spring,,1995,,,,072-00867,UGA,Uganda,Northern,Protected Well,Well,,Improved,Community Management,"Functional, needs repair",1,2020-01-01T00:00:00.000,,,Ministry of Water and Environment_Uganda_2009
10564,"Ministry of Water and Environment, Uganda",2010-04-30T00:00:00.000,Yes,Deep borehole,,1991,,,,010-01031,UGA,Uganda,Northern,Borehole/Tubewell,Well,Hand Pump - Afridev,Improved,Community Management,"Functional, needs repair",1,2020-01-01T00:00:00.000,Fees collected – basis unknown,,Ministry of Water and Environment_Uganda_2009
11065,Water For People,2020-02-15T00:00:00.000,No,,Protected Shallow Well,,,,,,UGA,Uganda,Eastern,Undefined Well,Well,,Unknown,,Non-Functional,1,2022-02-18T05:36:33.000,,,Water For People_Global_2017-2020
8932,"Ministry of Water and Environment, Uganda",2010-04-28T00:00:00.000,Yes,Protected spring,,2009,,,,010-00803,UGA,Uganda,Northern,Protected Well,Well,,Improved,Community Management,"Functional, needs repair",1,2020-01-01T00:00:00.000,,,Ministry of Water and Environment_Uganda_2009
9611,Water For People,2005-09-07T00:00:00.000,Yes,,Protected Spring,,,,,,UGA,Uganda,Western,Protected Well,Well,,Improved,,Functional,1,2022-02-18T05:36:33.000,,,Water For People_Global_2017-2020
8800,"Ministry of Water and Environment, Uganda",2010-04-28T00:00:00.000,Yes,Deep borehole,,2009,,,,010-00778,UGA,Uganda,Northern,Borehole/Tubewell,Well,Hand Pump - Afridev,Improved,Private Operator/Delegated Management,"Functional, needs repair",1,2020-01-01T00:00:00.000,,,Ministry of Water and Environment_Uganda_2009
9918,"Ministry of Water and Environment, Uganda",2010-04-23T00:00:00.000,No,Rainwater Harvest Tank,,2009,,,,010-00950,UGA,Uganda,Northern,Rainwater Harvesting,Rainwater Harvesting,,Improved,Other Institutional Management,Non-Functional,1,2020-01-01T00:00:00.000,,,Ministry of Water and Environment_Uganda_2009
10086,"Ministry of Water and Environment, Uganda",2010-04-30T00:00:00.000,Yes,Deep borehole,,1987,,,,010-01021,UGA,Uganda,Northern,Borehole/Tubewell,Well,Hand Pump - Afridev,Improved,Community Management,"Functional, needs repair",1,2020-01-01T00:00:00.000,Fees collected – basis unknown,,Ministry of Water and Environment_Uganda_2009
10182,Water For People,2020-02-19T00:00:00.000,Yes,,Protected Shallow Well,,,,,,UGA,Uganda,Eastern,Undefined Well,Well,,Unknown,,Functional,1,2022-02-18T05:36:33.000,,,Water For People_Global_2017-2020
9875,Water For People,2005-09-07T00:00:00.000,Yes,,Pumped Piped System|Public Stand Post,,,,,,UGA,Uganda,Western,Piped Water,Piped Water,Public Tapstand,Improved,,Functional,1,2022-02-18T05:36:33.000,,,Water For People_Global_2017-2020
13024,"Ministry of Water and Environment, Uganda",2010-05-09T00:00:00.000,Yes,Protected spring,,1999,,,,072-00886,UGA,Uganda,Northern,Protected Well,Well,,Improved,Community Management,"Functional, needs repair",1,2020-01-01T00:00:00.000,Fees collected – basis unknown,,Ministry of Water and Environment_Uganda_2009
13705,"Ministry of Water and Environment, Uganda",2010-05-08T00:00:00.000,Yes,Deep borehole,,2004,,,,072-01014,UGA,Uganda,Northern,Borehole/Tubewell,Well,Hand Pump - Afridev,Improved,Other Institutional Management,"Functional, needs repair",1,2020-01-01T00:00:00.000,,,Ministry of Water and Environment_Uganda_2009
7964,"Ministry of Water and Environment, Uganda",2010-04-28T00:00:00.000,Yes,Protected spring,,2004,,,,010-00600,UGA,Uganda,Northern,Protected Well,Well,,Improved,Community Management,"Functional, needs repair",1,2020-01-01T00:00:00.000,,,Ministry of Water and Environment_Uganda_2009
9686,"Ministry of Water and Environment, Uganda",2010-04-23T00:00:00.000,Yes,Deep borehole,,1996,,,,010-00902,UGA,Uganda,Northern,Borehole/Tubewell,Well,Hand Pump - Afridev,Improved,Community Management,"Functional, needs repair",1,2020-01-01T00:00:00.000,Fees collected – basis unknown,,Ministry of Water and Environment_Uganda_2009
9362,Water For People,2005-09-07T00:00:00.000,No,,Protected Shallow Well,,,,,,UGA,Uganda,Western,Undefined Well,Well,,Unknown,,Non-Functional,1,2022-02-18T05:36:33.000,,,Water For People_Global_2017-2020
10352,Water For People,2005-09-07T00:00:00.000,No,,Protected Deep Borehole,,,,,,UGA,Uganda,Western,Borehole/Tubewell,Well,,Improved,,Non-Functional,1,2022-02-18T05:36:33.000,,,Water For People_Global_2017-2020
12173,"Ministry of Water and Environment, Uganda",2010-05-08T00:00:00.000,Yes,Deep borehole,,1995,,,,072-00753,UGA,Uganda,Northern,Borehole/Tubewell,Well,Hand Pump - Afridev,Improved,Community Management,"Functional, needs repair",1,2020-01-01T00:00:00.000,Fees collected – basis unknown,,Ministry of Water and Environment_Uganda_2009
9675,Water For People,2005-09-07T00:00:00.000,No,,Protected Spring,,,,,,UGA,Uganda,Western,Protected Well,Well,,Improved,,Non-Functional,1,2022-02-18T05:36:33.000,,,Water For People_Global_2017-2020
13641,Water For People,2005-09-07T00:00:00.000,No,,Gravity Fed System|Public Stand Post,,,,,,UGA,Uganda,Western,,,Public Tapstand,Improved,,Non-Functional,1,2022-02-18T05:36:33.000,,,Water For People_Global_2017-2020
9162,"Ministry of Water and Environment, Uganda",2010-04-28T00:00:00.000,Yes,Protected spring,,1995,,,,010-00839,UGA,Uganda,Northern,Protected Well,Well,,Improved,Community Management,"Functional, needs repair",1,2020-01-01T00:00:00.000,Fees collected – basis unknown,,Ministry of Water and Environment_Uganda_2009
11795,Water For People,2019-03-14T00:00:00.000,Yes,,Pumped piped system,,,,Present,,UGA,Uganda,Western,Surface Water (River/Stream/Lake/Pond/Dam),Surface Water,,No facilities,,Functional,1,2022-02-18T05:36:33.000,,,Water For People_Global_2017-2020
6970,"Ministry of Water and Environment, Uganda",2012-08-20T00:00:00.000,Yes,Shallow well,,2012,,,,010-01884,UGA,Uganda,Northern,Undefined Well,Well,,Unknown,Community Management,"Functional, needs repair",1,2020-01-01T00:00:00.000,Fees collected – basis unknown,,Ministry of Water and Environment_Uganda_2009
8241,Water For People,2020-02-20T00:00:00.000,Yes,,Protected deep borehole,,,,Present,,UGA,Uganda,Eastern,Borehole/Tubewell,Well,,Improved,,Functional,1,2022-02-18T05:36:33.000,,,Water For People_Global_2017-2020
8006,"Ministry of Water and Environment, Uganda",2010-04-28T00:00:00.000,No,Rainwater Harvest Tank,,2002,,,,010-00608,UGA,Uganda,Northern,Rainwater Harvesting,Rainwater Harvesting,,Improved,Other,Non-Functional,1,2020-01-01T00:00:00.000,,,Ministry of Water and Environment_Uganda_2009
10022,"Ministry of Water and Environment, Uganda",2010-04-22T00:00:00.000,Yes,Deep borehole,,1947,,,,010-00990,UGA,Uganda,Northern,Borehole/Tubewell,Well,Hand Pump - Afridev,Improved,Community Management,"Functional, needs repair",1,2020-01-01T00:00:00.000,Fees collected – basis unknown,,Ministry of Water and Environment_Uganda_2009
12059,"Ministry of Water and Environment, Uganda",2010-05-08T00:00:00.000,Yes,Deep borehole,,2008,,,,072-00735,UGA,Uganda,Northern,Borehole/Tubewell,Well,Hand Pump - Afridev,Improved,Community Management,"Functional, needs repair",1,2020-01-01T00:00:00.000,Fees collected – basis unknown,,Ministry of Water and Environment_Uganda_2009
10596,"Ministry of Water and Environment, Uganda",2010-04-30T00:00:00.000,No,Deep borehole,,1991,,,,010-01036,UGA,Uganda,Northern,Borehole/Tubewell,Well,Hand Pump - Afridev,Improved,Community Management,Non-Functional,1,2020-01-01T00:00:00.000,Fees collected – basis unknown,,Ministry of Water and Environment_Uganda_2009
9074,Water For People,2019-03-16T00:00:00.000,No,,Protected Shallow Well,,,,,,UGA,Uganda,Western,Undefined Well,Well,,Unknown,,Non-Functional,1,2022-02-18T05:36:33.000,,,Water For People_Global_2017-2020
11012,"Ministry of Water and Environment, Uganda",2010-04-24T00:00:00.000,Yes,Rainwater Harvest Tank,,2006,,,,010-01193,UGA,Uganda,Northern,Rainwater Harvesting,Rainwater Harvesting,,Improved,Other Institutional Management,"Functional, needs repair",1,2020-01-01T00:00:00.000,,,Ministry of Water and Environment_Uganda_2009
10989,Water For People,2005-09-07T00:00:00.000,Yes,,Protected Shallow Well,,,,,,UGA,Uganda,Western,Undefined Well,Well,,Unknown,,Functional,1,2022-02-18T05:36:33.000,,,Water For People_Global_2017-2020
8881,Water For People,2020-02-17T00:00:00.000,Yes,,Protected deep borehole,,,,Present,,UGA,Uganda,Eastern,Borehole/Tubewell,Well,,Improved,,Functional,1,2022-02-18T05:36:33.000,,,Water For People_Global_2017-2020
9807,Water For People,2005-09-07T00:00:00.000,Yes,,Protected Shallow Well,,,,,,UGA,Uganda,Western,Undefined Well,Well,,Unknown,,Functional,1,2022-02-18T05:36:33.000,,,Water For People_Global_2017-2020
11129,"Ministry of Water and Environment, Uganda",2010-04-23T00:00:00.000,Yes,Deep borehole,,2008,,,,010-01216,UGA,Uganda,Northern,Borehole/Tubewell,Well,Hand Pump - Afridev,Improved,Other Institutional Management,"Functional, not in use",1,2020-01-01T00:00:00.000,,,Ministry of Water and Environment_Uganda_2009
9494,Water For People,2020-02-19T00:00:00.000,Yes,,Protected deep borehole,,,,Present,,UGA,Uganda,Eastern,Borehole/Tubewell,Well,,Improved,,Functional,1,2022-02-18T05:36:33.000,,,Water For People_Global_2017-2020
13467,"Ministry of Water and Environment, Uganda",2010-05-07T00:00:00.000,Yes,Deep borehole,,1990,,,,072-00979,UGA,Uganda,Northern,Borehole/Tubewell,Well,Hand Pump - Afridev,Improved,Community Management,"Functional, needs repair",1,2020-01-01T00:00:00.000,,,Ministry of Water and Environment_Uganda_2009
8969,"Ministry of Water and Environment, Uganda",2010-04-28T00:00:00.000,Yes,Protected spring,,1985,,,,010-00815,UGA,Uganda,Northern,Protected Well,Well,,Improved,Community Management,"Functional, needs repair",1,2020-01-01T00:00:00.000,,,Ministry of Water and Environment_Uganda_2009
9230,"Ministry of Water and Environment, Uganda",2010-04-27T00:00:00.000,Yes,Protected spring,,1989,,,,010-00854,UGA,Uganda,Northern,Protected Well,Well,,Improved,Community Management,"Functional, needs repair",1,2020-01-01T00:00:00.000,Fees collected – basis unknown,,Ministry of Water and Environment_Uganda_2009
12447,"Ministry of Water and Environment, Uganda",2010-05-08T00:00:00.000,Yes,Deep borehole,,2007,,,,072-00787,UGA,Uganda,Northern,Borehole/Tubewell,Well,Hand Pump - Afridev,Improved,Community Management,"Functional, needs repair",1,2020-01-01T00:00:00.000,Fees collected – basis unknown,,Ministry of Water and Environment_Uganda_2009
9224,"Ministry of Water and Environment, Uganda",2010-04-27T00:00:00.000,Yes,Protected spring,,2005,,,,010-00852,UGA,Uganda,Northern,Protected Well,Well,,Improved,Community Management,"Functional, needs repair",1,2020-01-01T00:00:00.000,,,Ministry of Water and Environment_Uganda_2009
9469,Water For People,2005-09-07T00:00:00.000,Yes,,Protected Spring,,,,,,UGA,Uganda,Western,Protected Well,Well,,Improved,,Functional,1,2022-02-18T05:36:33.000,,,Water For People_Global_2017-2020
12960,Water For People,2005-09-07T00:00:00.000,Yes,,Protected Spring,,,,,,UGA,Uganda,Western,Protected Well,Well,,Improved,,Functional,1,2022-02-18T05:36:33.000,,,Water For People_Global_2017-2020
9276,"Ministry of Water and Environment, Uganda",2010-04-27T00:00:00.000,Yes,Protected spring,,1998,,,,010-00859,UGA,Uganda,Northern,Protected Well,Well,,Improved,Community Management,"Functional, needs repair",1,2020-01-01T00:00:00.000,,,Ministry of Water and Environment_Uganda_2009
10122,"Ministry of Water and Environment, Uganda",2010-04-27T00:00:00.000,Yes,Deep borehole,,1952,,,,010-01044,UGA,Uganda,Northern,Borehole/Tubewell,Well,Hand Pump - Afridev,Improved,Community Management,"Functional, needs repair",1,2020-01-01T00:00:00.000,,,Ministry of Water and Environment_Uganda_2009
10004,"Ministry of Water and Environment, Uganda",2010-04-22T00:00:00.000,Yes,Rainwater Harvest Tank,,2009,,,,010-00984,UGA,Uganda,Northern,Rainwater Harvesting,Rainwater Harvesting,,Improved,Other Institutional Management,"Functional, needs repair",1,2020-01-01T00:00:00.000,,,Ministry of Water and Environment_Uganda_2009
13376,Water For People,2018-03-01T00:00:00.000,No,,Protected Shallow Well,,,,,,UGA,Uganda,Western,Undefined Well,Well,,Unknown,,Non-Functional,1,2022-02-18T05:36:33.000,,,Water For People_Global_2017-2020
12392,Water For People,2019-03-21T00:00:00.000,No,,Protected Shallow Well,,,,,,UGA,Uganda,Western,Undefined Well,Well,,Unknown,,Non-Functional,1,2022-02-18T05:36:33.000,,,Water For People_Global_2017-2020
8472,"Ministry of Water and Environment, Uganda",2010-04-28T00:00:00.000,Yes,Protected spring,,1993,,,,010-00705,UGA,Uganda,Northern,Protected Well,Well,,Improved,Community Management,"Functional, needs repair",1,2020-01-01T00:00:00.000,,,Ministry of Water and Environment_Uganda_2009
10731,Water For People,2005-09-07T00:00:00.000,No,,Protected Spring,,,,,,UGA,Uganda,Western,Protected Well,Well,,Improved,,Non-Functional,1,2022-02-18T05:36:33.000,,,Water For People_Global_2017-2020
10591,"Ministry of Water and Environment, Uganda",2010-04-30T00:00:00.000,Yes,Deep borehole,,2001,,,,010-01035,UGA,Uganda,Northern,Borehole/Tubewell,Well,Hand Pump - Afridev,Improved,Community Management,"Functional, needs repair",1,2020-01-01T00:00:00.000,Fees collected – basis unknown,,Ministry of Water and Environment_Uganda_2009
8583,Water For People,2018-02-26T00:00:00.000,Unknown,,Pumped Piped System|Kiosk or Public stand Post,,,,Present,,UGA,Uganda,Western,Piped Water,Piped Water,Public Tapstand,Improved,,Non-Functional,1,2022-02-18T05:36:33.000,,,Water For People_Global_2017-2020
10806,"Ministry of Water and Environment, Uganda",2010-04-29T00:00:00.000,Yes,Deep borehole,,1991,,,,010-01159,UGA,Uganda,Northern,Borehole/Tubewell,Well,Hand Pump - Afridev,Improved,Community Management,"Functional, needs repair",1,2020-01-01T00:00:00.000,Fees collected – basis unknown,,Ministry of Water and Environment_Uganda_2009
8191,Water For People,2005-09-07T00:00:00.000,Yes,,Pumped Piped System|Public Stand Post,,,,,,UGA,Uganda,Western,Piped Water,Piped Water,Public Tapstand,Improved,,Functional,1,2022-02-18T05:36:33.000,,,Water For People_Global_2017-2020
11517,Water For People,2005-09-07T00:00:00.000,Yes,,Protected Spring,,,,,,UGA,Uganda,Western,Protected Well,Well,,Improved,,Functional,1,2022-02-18T05:36:33.000,,,Water For People_Global_2017-2020
12500,"Ministry of Water and Environment, Uganda",2010-05-08T00:00:00.000,Yes,Deep borehole,,1994,,,,072-00798,UGA,Uganda,Northern,Borehole/Tubewell,Well,Hand Pump - Afridev,Improved,Community Management,"Functional, needs repair",1,2020-01-01T00:00:00.000,Fees collected – basis unknown,,Ministry of Water and Environment_Uganda_2009
12796,Water For People,2019-03-21T00:00:00.000,Yes,,Protected Shallow Well,,,,,,UGA,Uganda,Western,Undefined Well,Well,,Unknown,,Functional,1,2022-02-18T05:36:33.000,,,Water For People_Global_2017-2020
12464,"Ministry of Water and Environment, Uganda",2010-05-08T00:00:00.000,Yes,Deep borehole,,1994,,,,072-00789,UGA,Uganda,Northern,Borehole/Tubewell,Well,Hand Pump - Afridev,Improved,Community Management,"Functional, needs repair",1,2020-01-01T00:00:00.000,Fees collected – basis unknown,,Ministry of Water and Environment_Uganda_2009
8731,"Ministry of Water and Environment, Uganda",2010-04-27T00:00:00.000,Yes,Protected spring,,1989,,,,010-00765,UGA,Uganda,Northern,Protected Well,Well,,Improved,Community Management,"Functional, needs repair",1,2020-01-01T00:00:00.000,,,Ministry of Water and Environment_Uganda_2009
10821,Water For People,2005-09-07T00:00:00.000,Yes,,Protected Shallow Well,,,,,,UGA,Uganda,Western,Undefined Well,Well,,Unknown,,Functional,1,2022-02-18T05:36:33.000,,,Water For People_Global_2017-2020
9432,"Ministry of Water and Environment, Uganda",2010-04-27T00:00:00.000,Yes,Protected spring,,1994,,,,010-00896,UGA,Uganda,Northern,Protected Well,Well,,Improved,Community Management,"Functional, needs repair",1,2020-01-01T00:00:00.000,,,Ministry of Water and Environment_Uganda_2009
8749,Water For People,2018-02-28T00:00:00.000,No,,Pumped Piped System|Kiosk or Public stand Post,,,,,,UGA,Uganda,Western,Piped Water,Piped Water,Public Tapstand,Improved,,Non-Functional,1,2022-02-18T05:36:33.000,,,Water For People_Global_2017-2020
8615,"Ministry of Water and Environment, Uganda",2010-04-29T00:00:00.000,Yes,Protected spring,,1990,,,,010-00732,UGA,Uganda,Northern,Protected Well,Well,,Improved,Community Management,"Functional, needs repair",1,2020-01-01T00:00:00.000,,,Ministry of Water and Environment_Uganda_2009
8951,"Ministry of Water and Environment, Uganda",2010-04-27T00:00:00.000,Yes,Deep borehole,,1997,,,,010-00808,UGA,Uganda,Northern,Borehole/Tubewell,Well,Hand Pump - Afridev,Improved,Community Management,"Functional, needs repair",1,2020-01-01T00:00:00.000,,,Ministry of Water and Environment_Uganda_2009
8717,Water For People,2005-09-07T00:00:00.000,Yes,,Pumped Piped System|Public Stand Post,,,,,,UGA,Uganda,Western,Piped Water,Piped Water,Public Tapstand,Improved,,Functional,1,2022-02-18T05:36:33.000,,,Water For People_Global_2017-2020
12262,Water For People,2005-09-07T00:00:00.000,No,,Protected Spring,,,,,,UGA,Uganda,Western,Protected Well,Well,,Improved,,Non-Functional,1,2022-02-18T05:36:33.000,,,Water For People_Global_2017-2020
10167,"Ministry of Water and Environment, Uganda",2010-04-27T00:00:00.000,No,Public Stand Post,,2008,,,,010-01056,UGA,Uganda,Northern,,,Public Tapstand,Improved,Community Management,Non-Functional,1,2020-01-01T00:00:00.000,Fees collected – basis unknown,,Ministry of Water and Environment_Uganda_2009
10131,Water For People,2018-03-02T00:00:00.000,Yes,,Gravity Fed System|Kiosk or Public stand Post,,,,,,UGA,Uganda,Western,,,Public Tapstand,Improved,,Functional,1,2022-02-18T05:36:33.000,,,Water For People_Global_2017-2020
10865,Water For People,2005-09-07T00:00:00.000,No,,Gravity Fed System|Public Stand Post,,,,,,UGA,Uganda,Western,,,Public Tapstand,Improved,,Non-Functional,1,2022-02-18T05:36:33.000,,,Water For People_Global_2017-2020
11136,"Ministry of Water and Environment, Uganda",2010-04-23T00:00:00.000,Yes,Deep borehole,,1996,,,,010-01219,UGA,Uganda,Northern,Borehole/Tubewell,Well,Hand Pump - Afridev,Improved,Community Management,"Functional, not in use",1,2020-01-01T00:00:00.000,,,Ministry of Water and Environment_Uganda_2009
10051,"Ministry of Water and Environment, Uganda",2010-04-30T00:00:00.000,No,Deep borehole,,1993,,,,010-01012,UGA,Uganda,Northern,Borehole/Tubewell,Well,Hand Pump - Afridev,Improved,Community Management,Non-Functional,1,2020-01-01T00:00:00.000,,,Ministry of Water and Environment_Uganda_2009
9437,Water For People,2005-09-07T00:00:00.000,Yes,,Protected Spring,,,,,,UGA,Uganda,Western,Protected Well,Well,,Improved,,Functional,1,2022-02-18T05:36:33.000,,,Water For People_Global_2017-2020
7977,Water For People,2019-03-19T00:00:00.000,Yes,,Protected deep borehole,,,,Present,,UGA,Uganda,Western,Borehole/Tubewell,Well,,Improved,,Functional,1,2022-02-18T05:36:33.000,,,Water For People_Global_2017-2020
11919,"Ministry of Water and Environment, Uganda",2010-05-08T00:00:00.000,Yes,Deep borehole,,2005,,,,072-00716,UGA,Uganda,Northern,Borehole/Tubewell,Well,Hand Pump - Afridev,Improved,Community Management,"Functional, needs repair",1,2020-01-01T00:00:00.000,Fees collected – basis unknown,,Ministry of Water and Environment_Uganda_2009
10203,"Ministry of Water and Environment, Uganda",2010-04-27T00:00:00.000,Yes,Public Stand Post,,2007,,,,010-01063,UGA,Uganda,Northern,,,Public Tapstand,Improved,Community Management,"Functional, needs repair",1,2020-01-01T00:00:00.000,,,Ministry of Water and Environment_Uganda_2009
9173,"Ministry of Water and Environment, Uganda",2010-04-28T00:00:00.000,Yes,Deep borehole,,,,,,010-00841,UGA,Uganda,Northern,Borehole/Tubewell,Well,Hand Pump - Afridev,Improved,Other Institutional Management,"Functional, needs repair",1,2020-01-01T00:00:00.000,,,Ministry of Water and Environment_Uganda_2009
9849,"Ministry of Water and Environment, Uganda",2010-04-22T00:00:00.000,Yes,Protected spring,,2003,,,,010-00937,UGA,Uganda,Northern,Protected Well,Well,,Improved,Community Management,"Functional, needs repair",1,2020-01-01T00:00:00.000,,,Ministry of Water and Environment_Uganda_2009
11470,"Ministry of Water and Environment, Uganda",2011-09-05T00:00:00.000,Yes,Deep borehole,,2011,,,,072-00648,UGA,Uganda,Northern,Borehole/Tubewell,Well,Hand Pump - Afridev,Improved,Community Management,"Functional, needs repair",1,2020-01-01T00:00:00.000,Fees collected – basis unknown,,Ministry of Water and Environment_Uganda_2009
12494,"Ministry of Water and Environment, Uganda",2010-05-08T00:00:00.000,Yes,Deep borehole,,1994,,,,072-00796,UGA,Uganda,Northern,Borehole/Tubewell,Well,Hand Pump - Afridev,Improved,Community Management,"Functional, needs repair",1,2020-01-01T00:00:00.000,,,Ministry of Water and Environment_Uganda_2009
13292,"Ministry of Water and Environment, Uganda",2010-05-08T00:00:00.000,Yes,Deep borehole,,1999,,,,072-00943,UGA,Uganda,Northern,Borehole/Tubewell,Well,Hand Pump - Afridev,Improved,Community Management,"Functional, needs repair",1,2020-01-01T00:00:00.000,,,Ministry of Water and Environment_Uganda_2009
10467,Water For People,2020-02-24T00:00:00.000,Yes,,Protected deep borehole,,,,,,UGA,Uganda,Eastern,Borehole/Tubewell,Well,,Improved,,Functional,1,2022-02-18T05:36:33.000,,,Water For People_Global_2017-2020
13132,"Ministry of Water and Environment, Uganda",2010-05-09T00:00:00.000,Yes,Shallow well,,2002,,,,072-00909,UGA,Uganda,Northern,Undefined Well,Well,,Unknown,Community Management,"Functional, needs repair",1,2020-01-01T00:00:00.000,Fees collected – basis unknown,,Ministry of Water and Environment_Uganda_2009
11717,"Ministry of Water and Environment, Uganda",2010-05-08T00:00:00.000,No,Public Stand Post,,2005,,,,072-00688,UGA,Uganda,Northern,,,Public Tapstand,Improved,Community Management,Non-Functional,1,2020-01-01T00:00:00.000,Fees collected – basis unknown,,Ministry of Water and Environment_Uganda_2009
12479,Water For People,2020-02-22T00:00:00.000,Yes,,Protected deep borehole,,,,Present,,UGA,Uganda,Eastern,Borehole/Tubewell,Well,,Improved,,Functional,1,2022-02-18T05:36:33.000,,,Water For People_Global_2017-2020
8649,"Ministry of Water and Environment, Uganda",2010-04-27T00:00:00.000,Yes,Protected spring,,1989,,,,010-00740,UGA,Uganda,Northern,Protected Well,Well,,Improved,Community Management,"Functional, needs repair",1,2020-01-01T00:00:00.000,,,Ministry of Water and Environment_Uganda_2009
12030,Water For People,2005-09-07T00:00:00.000,Yes,,Gravity Fed System|Public Stand Post,,,,,,UGA,Uganda,Western,,,Public Tapstand,Improved,,Functional,1,2022-02-18T05:36:33.000,,,Water For People_Global_2017-2020
10103,"Ministry of Water and Environment, Uganda",2010-04-30T00:00:00.000,No,Deep borehole,,2008,,,,010-01026,UGA,Uganda,Northern,Borehole/Tubewell,Well,Hand Pump - Afridev,Improved,Community Management,Non-Functional,1,2020-01-01T00:00:00.000,,,Ministry of Water and Environment_Uganda_2009
8704,Water For People,2020-02-20T00:00:00.000,Yes,,Protected deep borehole,,,,,,UGA,Uganda,Eastern,Borehole/Tubewell,Well,,Improved,,Functional,1,2022-02-18T05:36:33.000,,,Water For People_Global_2017-2020
13152,Water For People,2005-09-07T00:00:00.000,Yes,,Protected Deep Borehole,,,,,,UGA,Uganda,Western,Borehole/Tubewell,Well,,Improved,,Functional,1,2022-02-18T05:36:33.000,,,Water For People_Global_2017-2020
10188,Water For People,2020-02-21T00:00:00.000,Yes,,Protected Shallow Well,,,,Present,,UGA,Uganda,Eastern,Undefined Well,Well,,Unknown,,Functional,1,2022-02-18T05:36:33.000,,,Water For People_Global_2017-2020
12817,"Ministry of Water and Environment, Uganda",2010-05-09T00:00:00.000,Yes,Protected spring,,1995,,,,072-00854,UGA,Uganda,Northern,Protected Well,Well,,Improved,Community Management,"Functional, needs repair",1,2020-01-01T00:00:00.000,,,Ministry of Water and Environment_Uganda_2009
10019,Water For People,2018-03-03T00:00:00.000,Yes,,Protected spring catchment,,,,,,UGA,Uganda,Western,Protected Well,Well,,Improved,,Functional,1,2022-02-18T05:36:33.000,,,Water For People_Global_2017-2020
12743,Water For People,2005-09-07T00:00:00.000,No,,Protected Spring,,,,,,UGA,Uganda,Western,Protected Well,Well,,Improved,,Non-Functional,1,2022-02-18T05:36:33.000,,,Water For People_Global_2017-2020
12728,Water For People,2005-09-07T00:00:00.000,Yes,,Gravity Fed System|Public Stand Post,,,,,,UGA,Uganda,Western,,,Public Tapstand,Improved,,Functional,1,2022-02-18T05:36:33.000,,,Water For People_Global_2017-2020
8561,"Ministry of Water and Environment, Uganda",2010-04-27T00:00:00.000,Yes,Rainwater Harvest Tank,,2008,,,,010-00722,UGA,Uganda,Northern,Rainwater Harvesting,Rainwater Harvesting,,Improved,Community Management,"Functional, needs repair",1,2020-01-01T00:00:00.000,,,Ministry of Water and Environment_Uganda_2009
9886,Water For People,2019-03-14T00:00:00.000,Yes,,Protected Shallow Well,,,,,,UGA,Uganda,Western,Undefined Well,Well,,Unknown,,Functional,1,2022-02-18T05:36:33.000,,,Water For People_Global_2017-2020
11457,Water For People,2005-09-07T00:00:00.000,Yes,,Pumped Piped System|Kiosk,,,,,,UGA,Uganda,Western,Piped Water,Piped Water,Kiosk,Improved,,Functional,1,2022-02-18T05:36:33.000,,,Water For People_Global_2017-2020
8166,"Ministry of Water and Environment, Uganda",2010-04-28T00:00:00.000,No,Protected spring,,1999,,,,010-00652,UGA,Uganda,Northern,Protected Well,Well,,Improved,Community Management,Non-Functional,1,2020-01-01T00:00:00.000,,,Ministry of Water and Environment_Uganda_2009
12505,"Ministry of Water and Environment, Uganda",2010-09-28T00:00:00.000,Yes,Deep borehole,,2010,,,,072-00799,UGA,Uganda,Northern,Borehole/Tubewell,Well,Hand Pump - Afridev,Improved,Community Management,"Functional, needs repair",1,2020-01-01T00:00:00.000,Fees collected – basis unknown,,Ministry of Water and Environment_Uganda_2009
9817,"Ministry of Water and Environment, Uganda",2010-04-22T00:00:00.000,Yes,Deep borehole,,1984,,,,010-00930,UGA,Uganda,Northern,Borehole/Tubewell,Well,Hand Pump - Afridev,Improved,Community Management,"Functional, needs repair",1,2020-01-01T00:00:00.000,,,Ministry of Water and Environment_Uganda_2009
8176,Water For People,2005-09-07T00:00:00.000,No,,Protected Shallow Well,,,,,,UGA,Uganda,Western,Undefined Well,Well,,Unknown,,Non-Functional,1,2022-02-18T05:36:33.000,,,Water For People_Global_2017-2020
11502,Water For People,2005-09-07T00:00:00.000,Yes,,Protected Shallow Well,,,,,,UGA,Uganda,Western,Undefined Well,Well,,Unknown,,Functional,1,2022-02-18T05:36:33.000,,,Water For People_Global_2017-2020
13205,Water For People,2005-09-07T00:00:00.000,Yes,,Protected Spring,,,,,,UGA,Uganda,Western,Protected Well,Well,,Improved,,Functional,1,2022-02-18T05:36:33.000,,,Water For People_Global_2017-2020
11072,"Ministry of Water and Environment, Uganda",2010-04-24T00:00:00.000,Yes,Deep borehole,,2007,,,,010-01204,UGA,Uganda,Northern,Borehole/Tubewell,Well,Hand Pump - Afridev,Improved,Community Management,"Functional, needs repair",1,2020-01-01T00:00:00.000,Fees collected – basis unknown,,Ministry of Water and Environment_Uganda_2009
11642,Water For People,2005-09-07T00:00:00.000,Yes,,Protected Shallow Well,,,,,,UGA,Uganda,Western,Undefined Well,Well,,Unknown,,Functional,1,2022-02-18T05:36:33.000,,,Water For People_Global_2017-2020
12739,Water For People,2005-09-07T00:00:00.000,Yes,,Protected Spring,,,,,,UGA,Uganda,Western,Protected Well,Well,,Improved,,Functional,1,2022-02-18T05:36:33.000,,,Water For People_Global_2017-2020
8357,Water For People,2020-02-14T00:00:00.000,Yes,,Protected deep borehole,,,,Present,,UGA,Uganda,Eastern,Borehole/Tubewell,Well,,Improved,,Functional,1,2022-02-18T05:36:33.000,,,Water For People_Global_2017-2020
12077,Water For People,2019-03-23T00:00:00.000,No,,Protected Shallow Well,,,,,,UGA,Uganda,Western,Undefined Well,Well,,Unknown,,Non-Functional,1,2022-02-18T05:36:33.000,,,Water For People_Global_2017-2020
13653,"Ministry of Water and Environment, Uganda",2010-05-08T00:00:00.000,Yes,Deep borehole,,2007,,,,072-01005,UGA,Uganda,Northern,Borehole/Tubewell,Well,Hand Pump - Afridev,Improved,Community Management,"Functional, needs repair",1,2020-01-01T00:00:00.000,Fees collected – basis unknown,,Ministry of Water and Environment_Uganda_2009
10916,Water For People,2005-09-07T00:00:00.000,Yes,,Protected Spring,,,,,,UGA,Uganda,Western,Protected Well,Well,,Improved,,Functional,1,2022-02-18T05:36:33.000,,,Water For People_Global_2017-2020
10266,"Ministry of Water and Environment, Uganda",2010-04-27T00:00:00.000,Yes,Deep borehole,,2005,,,,010-01074,UGA,Uganda,Northern,Borehole/Tubewell,Well,Hand Pump - Afridev,Improved,Community Management,"Functional, needs repair",1,2020-01-01T00:00:00.000,,,Ministry of Water and Environment_Uganda_2009
11749,Water For People,2005-09-07T00:00:00.000,Yes,,Protected Deep Borehole,,,,,,UGA,Uganda,Western,Borehole/Tubewell,Well,,Improved,,Functional,1,2022-02-18T05:36:33.000,,,Water For People_Global_2017-2020
8763,Water For People,2005-09-07T00:00:00.000,Yes,,Protected Shallow Well,,,,,,UGA,Uganda,Western,Undefined Well,Well,,Unknown,,Functional,1,2022-02-18T05:36:33.000,,,Water For People_Global_2017-2020
10890,Water For People,2019-03-20T00:00:00.000,No,,Protected Shallow Well,,,,,,UGA,Uganda,Western,Undefined Well,Well,,Unknown,,Non-Functional,1,2022-02-18T05:36:33.000,,,Water For People_Global_2017-2020
13577,Water For People,2005-09-07T00:00:00.000,Yes,,Protected Deep Borehole,,,,,,UGA,Uganda,Western,Borehole/Tubewell,Well,,Improved,,Functional,1,2022-02-18T05:36:33.000,,,Water For People_Global_2017-2020
12863,"Ministry of Water and Environment, Uganda",2010-05-09T00:00:00.000,No,Deep borehole,,1966,,,,072-00861,UGA,Uganda,Northern,Borehole/Tubewell,Well,Hand Pump - Afridev,Improved,Community Management,Non-Functional,1,2020-01-01T00:00:00.000,,,Ministry of Water and Environment_Uganda_2009
11981,Water For People,2005-09-07T00:00:00.000,No,,Protected Spring,,,,,,UGA,Uganda,Western,Protected Well,Well,,Improved,,Non-Functional,1,2022-02-18T05:36:33.000,,,Water For People_Global_2017-2020
8374,Water For People,2018-03-06T00:00:00.000,No,,Gravity Fed System|Kiosk or Public stand Post,,,,,,UGA,Uganda,Western,,,Public Tapstand,Improved,,Non-Functional,1,2022-02-18T05:36:33.000,,,Water For People_Global_2017-2020
10948,"Ministry of Water and Environment, Uganda",2010-04-23T00:00:00.000,Yes,Deep borehole,,2005,,,,010-01178,UGA,Uganda,Northern,Borehole/Tubewell,Well,Hand Pump - Afridev,Improved,Community Management,"Functional, needs repair",1,2020-01-01T00:00:00.000,Fees collected – basis unknown,,Ministry of Water and Environment_Uganda_2009
8260,"Ministry of Water and Environment, Uganda",2010-04-28T00:00:00.000,Yes,Rainwater Harvest Tank,,2008,,,,010-00668,UGA,Uganda,Northern,Rainwater Harvesting,Rainwater Harvesting,,Improved,Other Institutional Management,"Functional, needs repair",1,2020-01-01T00:00:00.000,,,Ministry of Water and Environment_Uganda_2009
10833,Water For People,2005-09-07T00:00:00.000,No,,Protected Shallow Well,,,,,,UGA,Uganda,Western,Undefined Well,Well,,Unknown,,Non-Functional,1,2022-02-18T05:36:33.000,,,Water For People_Global_2017-2020
6807,"Ministry of Water and Environment, Uganda",2010-04-28T00:00:00.000,No,Protected spring,,1993,,,,010-00556,UGA,Uganda,Northern,Protected Well,Well,,Improved,Community Management,Non-Functional,1,2020-01-01T00:00:00.000,,,Ministry of Water and Environment_Uganda_2009
